stratum_type,stratum_value,window_size,n_scenes,water_fraction_median,water_fraction_q05,water_fraction_q25,water_fraction_q75,water_fraction_q95,bad_scl_fraction_median,bad_scl_fraction_q05,bad_scl_fraction_q95,fraction_water_eq_1_00,fraction_any_bad_scl,fraction_dominated_by_nonwater,fraction_any_persistent_nonwater
month,01,1,59,0,0,0,0,1,1,0,1,0.186440678,0.813559322,0.813559322,0
month,01,3,59,0,0,0,0,1,1,0,1,0.1694915254,0.8305084746,0.813559322,0
month,01,5,59,0,0,0,0,1,1,0,1,0.1694915254,0.8305084746,0.813559322,0
month,01,7,59,0,0,0,0,1,1,0,1,0.1694915254,0.8305084746,0.813559322,0
month,01,11,59,0,0,0,0,1,1,0,1,0.1525423729,0.8474576271,0.813559322,0
month,02,1,67,0,0,0,0,1,1,0,1,0.1791044776,0.8208955224,0.8208955224,0
month,02,3,67,0,0,0,0,1,1,0,1,0.1791044776,0.8208955224,0.8208955224,0
month,02,5,67,0,0,0,0.02,1,1,0,1,0.1791044776,0.8208955224,0.8208955224,0
month,02,7,67,0,0,0,0.112244898,1,1,0,1,0.1641791045,0.8358208955,0.8208955224,0
month,02,11,67,0,0,0,0.132231405,1,1,0,1,0.1343283582,0.8656716418,0.8208955224,0
month,03,1,76,0,0,0,0,1,1,0,1,0.1842105263,0.8157894737,0.8157894737,0
month,03,3,76,0,0,0,0,1,1,0,1,0.1447368421,0.8552631579,0.8157894737,0
month,03,5,76,0,0,0,0,1,1,0,1,0.1447368421,0.8552631579,0.8289473684,0
month,03,7,76,0,0,0,0,1,1,0,1,0.1315789474,0.8684210526,0.8289473684,0
month,03,11,76,0,0,0,0,1,1,0,1,0.1184210526,0.8815789474,0.8289473684,0
month,04,1,84,0,0,0,1,1,1,0,1,0.3928571429,0.6071428571,0.6071428571,0
month,04,3,84,0,0,0,1,1,1,0,1,0.380952381,0.619047619,0.6071428571,0
month,04,5,84,0,0,0,1,1,1,0,1,0.369047619,0.630952381,0.6071428571,0
month,04,7,84,0,0,0,1,1,1,0,1,0.369047619,0.630952381,0.6071428571,0
month,04,11,84,0,0,0,1,1,1,0,1,0.369047619,0.630952381,0.6071428571,0
month,05,1,91,0,0,0,1,1,1,0,1,0.4505494505,0.5494505495,0.5494505495,0
month,05,3,91,0,0,0,1,1,1,0,1,0.4505494505,0.5494505495,0.5494505495,0
month,05,5,91,0,0,0,1,1,1,0,1,0.4285714286,0.5714285714,0.5494505495,0.01098901099
month,05,7,91,0,0,0,1,1,1,0,1,0.4175824176,0.5824175824,0.5384615385,0.01098901099
month,05,11,91,0,0,0,1,1,1,0,1,0.3956043956,0.6043956044,0.5384615385,0.02197802198
month,06,1,89,1,0,0,1,1,0,0,1,0.5393258427,0.4606741573,0.4606741573,0
month,06,3,89,1,0,0,1,1,0,0,1,0.5393258427,0.4606741573,0.4606741573,0
month,06,5,89,1,0,0,1,1,0,0,1,0.5280898876,0.4719101124,0.4606741573,0
month,06,7,89,1,0,0,1,1,0,0,1,0.5056179775,0.4943820225,0.4606741573,0
month,06,11,89,0.8842975207,0,0,1,1,0.1157024793,0,1,0.4943820225,0.5056179775,0.4494382022,0
month,07,1,93,0,0,0,1,1,1,0,1,0.3978494624,0.6021505376,0.6021505376,0
month,07,3,93,0,0,0,1,1,1,0,1,0.376344086,0.623655914,0.6021505376,0
month,07,5,93,0,0,0,1,1,1,0,1,0.3548387097,0.6451612903,0.6021505376,0
month,07,7,93,0,0,0,1,1,1,0,1,0.3440860215,0.6559139785,0.6021505376,0
month,07,11,93,0,0,0,1,1,1,0,1,0.311827957,0.6774193548,0.6021505376,0.01075268817
month,08,1,93,0,0,0,1,1,1,0,1,0.4193548387,0.5806451613,0.5806451613,0
month,08,3,93,0,0,0,1,1,1,0,1,0.3655913978,0.6344086022,0.5698924731,0.01075268817
month,08,5,93,0,0,0,1,1,1,0,1,0.3225806452,0.6774193548,0.5698924731,0.01075268817
month,08,7,93,0,0,0,1,1,1,0,1,0.311827957,0.688172043,0.5698924731,0.01075268817
month,08,11,93,0,0,0,1,1,1,0,1,0.3010752688,0.6989247312,0.5806451613,0.01075268817
month,09,1,89,0,0,0,1,1,1,0,1,0.3483146067,0.6516853933,0.6516853933,0
month,09,3,89,0,0,0,1,1,1,0,1,0.3370786517,0.6516853933,0.6516853933,0.01123595506
month,09,5,89,0,0,0,1,1,1,0,1,0.3033707865,0.6853932584,0.6516853933,0.02247191011
month,09,7,89,0,0,0,1,1,1,0,1,0.2921348315,0.6966292135,0.6516853933,0.02247191011
month,09,11,89,0,0,0,1,1,1,0,1,0.2808988764,0.7191011236,0.6516853933,0.02247191011
month,10,1,90,0,0,0,1,1,1,0,1,0.3444444444,0.6555555556,0.6555555556,0
month,10,3,90,0,0,0,1,1,1,0,1,0.3111111111,0.6888888889,0.6555555556,0
month,10,5,90,0,0,0,1,1,1,0,1,0.3111111111,0.6888888889,0.6555555556,0
month,10,7,90,0,0,0,1,1,1,0,1,0.3111111111,0.6888888889,0.6444444444,0
month,10,11,90,0,0,0,1,1,1,0,1,0.3111111111,0.6888888889,0.6333333333,0
month,11,1,86,0,0,0,0,1,1,0,1,0.2441860465,0.7558139535,0.7558139535,0
month,11,3,86,0,0,0,0,1,1,0,1,0.2441860465,0.7558139535,0.7558139535,0
month,11,5,86,0,0,0,0,1,1,0,1,0.2441860465,0.7558139535,0.7558139535,0
month,11,7,86,0,0,0,0.01530612245,1,1,0,1,0.2325581395,0.7674418605,0.7558139535,0
month,11,11,86,0,0,0,0.06818181818,1,1,0,1,0.2093023256,0.7906976744,0.7558139535,0
month,12,1,33,0,0,0,0,1,1,0,1,0.1212121212,0.8787878788,0.8787878788,0
month,12,3,33,0,0,0,0,1,1,0,1,0.1212121212,0.8787878788,0.8787878788,0
month,12,5,33,0,0,0,0,1,1,0,1,0.1212121212,0.8787878788,0.8787878788,0
month,12,7,33,0,0,0,0,1,1,0,1,0.1212121212,0.8787878788,0.8787878788,0
month,12,11,33,0,0,0,0,1,1,0,1,0.1212121212,0.8787878788,0.8787878788,0
platform,S2A,1,415,0,0,0,1,1,1,0,1,0.3445783133,0.6554216867,0.6554216867,0
platform,S2A,3,415,0,0,0,1,1,1,0,1,0.3325301205,0.6674698795,0.6530120482,0
platform,S2A,5,415,0,0,0,1,1,1,0,1,0.313253012,0.686746988,0.6530120482,0.004819277108
platform,S2A,7,415,0,0,0,1,1,1,0,1,0.3060240964,0.6939759036,0.6506024096,0.004819277108
platform,S2A,11,415,0,0,0,1,1,1,0,1,0.2843373494,0.713253012,0.6481927711,0.007228915663
platform,S2B,1,474,0,0,0,1,1,1,0,1,0.3417721519,0.6582278481,0.6582278481,0
platform,S2B,3,474,0,0,0,1,1,1,0,1,0.3206751055,0.6772151899,0.6582278481,0.004219409283
platform,S2B,5,474,0,0,0,1,1,1,0,1,0.3122362869,0.6856540084,0.6582278481,0.004219409283
platform,S2B,7,474,0,0,0,1,1,1,0,1,0.3016877637,0.6962025316,0.6561181435,0.004219409283
platform,S2B,11,474,0,0,0,1,1,1,0,1,0.2953586498,0.7046413502,0.6561181435,0.006329113924
platform,S2C,1,61,0,0,0,1,1,1,0,1,0.2786885246,0.7213114754,0.7213114754,0
platform,S2C,3,61,0,0,0,1,1,1,0,1,0.262295082,0.737704918,0.7213114754,0
platform,S2C,5,61,0,0,0,0.96,1,1,0,1,0.2459016393,0.7540983607,0.737704918,0
platform,S2C,7,61,0,0,0,0.8775510204,1,1,0,1,0.2295081967,0.7704918033,0.737704918,0
platform,S2C,11,61,0,0,0,0.7851239669,1,1,0,1,0.1967213115,0.8032786885,0.737704918,0
processing_baseline,N0500,1,367,0,0,0,1,1,1,0,1,0.3923705722,0.6076294278,0.6076294278,0
processing_baseline,N0500,3,367,0,0,0,1,1,1,0,1,0.3705722071,0.6294277929,0.6076294278,0
processing_baseline,N0500,5,367,0,0,0,1,1,1,0,1,0.3623978202,0.6376021798,0.6076294278,0
processing_baseline,N0500,7,367,0,0,0,1,1,1,0,1,0.3514986376,0.6485013624,0.6049046322,0
processing_baseline,N0500,11,367,0,0,0,1,1,1,0,1,0.3324250681,0.6675749319,0.6049046322,0
processing_baseline,N0509,1,1,1,1,1,1,1,0,0,0,1,0,0,0
processing_baseline,N0509,3,1,1,1,1,1,1,0,0,0,1,0,0,0
processing_baseline,N0509,5,1,1,1,1,1,1,0,0,0,1,0,0,0
processing_baseline,N0509,7,1,1,1,1,1,1,0,0,0,1,0,0,0
processing_baseline,N0509,11,1,1,1,1,1,1,0,0,0,1,0,0,0
processing_baseline,N0510,1,344,0,0,0,1,1,1,0,1,0.2761627907,0.7238372093,0.7238372093,0
processing_baseline,N0510,3,344,0,0,0,1,1,1,0,1,0.261627907,0.738372093,0.7209302326,0.002906976744
processing_baseline,N0510,5,344,0,0,0,0.93,1,1,0,1,0.2470930233,0.7529069767,0.7209302326,0.005813953488
processing_baseline,N0510,7,344,0,0,0,0.8571428571,1,1,0,1,0.238372093,0.761627907,0.7180232558,0.005813953488
processing_baseline,N0510,11,344,0,0,0,0.770661157,1,1,0,1,0.2296511628,0.7703488372,0.7151162791,0.008720930233
processing_baseline,N0511,1,238,0,0,0,1,1,1,0,1,0.3445378151,0.6554621849,0.6554621849,0
processing_baseline,N0511,3,238,0,0,0,1,1,1,0,1,0.3319327731,0.6638655462,0.6554621849,0.004201680672
processing_baseline,N0511,5,238,0,0,0,1,1,1,0,1,0.3109243697,0.6848739496,0.6596638655,0.008403361345
processing_baseline,N0511,7,238,0,0,0,1,1,1,0,1,0.3025210084,0.6932773109,0.6596638655,0.008403361345
processing_baseline,N0511,11,238,0,0,0,1,1,1,0,1,0.2857142857,0.7100840336,0.6596638655,0.01260504202
