year,window_size,window_label,n_scenes,water_fraction_median,water_fraction_q05,water_fraction_q25,water_fraction_q75,water_fraction_q95,water_fraction_min,bad_scl_fraction_median,bad_scl_fraction_q05,bad_scl_fraction_q25,bad_scl_fraction_q75,bad_scl_fraction_q95,bad_scl_fraction_max,fraction_water_ge_0_50,fraction_water_ge_0_75,fraction_water_ge_0_90,fraction_water_ge_0_95,fraction_water_eq_1_00,fraction_any_bad_scl,fraction_dominated_by_nonwater,fraction_any_persistent_nonwater,pixel_weighted_persistent_nonwater_fraction,n_central_water_scenes,central_water_water_fraction_q05,fraction_central_water_scenes_window_all_water,fraction_central_water_scenes_any_bad_scl
2019,1,1x1,96,0,0,0,1,1,0,1,0,0,1,1,1,0.375,0.375,0.375,0.375,0.375,0.625,0.625,0,0,36,1,1,0
2019,3,3x3,96,0,0,0,1,1,0,1,0,0,1,1,1,0.375,0.375,0.3541666667,0.3541666667,0.3541666667,0.6458333333,0.625,0,0,36,0.9722222222,0.9444444444,0.05555555556
2019,5,5x5,96,0,0,0,1,1,0,1,0,0,1,1,1,0.375,0.3645833333,0.34375,0.34375,0.34375,0.65625,0.625,0,0,36,0.87,0.9166666667,0.08333333333
2019,7,7x7,96,0,0,0,1,1,0,1,0,0,1,1,1,0.375,0.3645833333,0.34375,0.34375,0.3229166667,0.6770833333,0.625,0,0,36,0.862244898,0.8611111111,0.1388888889
2019,11,11x11,96,0,0,0,1,1,0,1,0,0,1,1,1,0.3854166667,0.3541666667,0.34375,0.3333333333,0.3125,0.6875,0.6145833333,0,0,36,0.7541322314,0.8333333333,0.1666666667
2020,1,1x1,134,0,0,0,1,1,0,1,0,0,1,1,1,0.4328358209,0.4328358209,0.4328358209,0.4328358209,0.4328358209,0.5671641791,0.5671641791,0,0,58,1,1,0
2020,3,3x3,134,0,0,0,1,1,0,1,0,0,1,1,1,0.4328358209,0.4328358209,0.4104477612,0.4104477612,0.4104477612,0.5895522388,0.5671641791,0,0,58,0.9833333333,0.9482758621,0.05172413793
2020,5,5x5,134,0,0,0,1,1,0,1,0,0,1,1,1,0.4328358209,0.4328358209,0.4104477612,0.4104477612,0.4104477612,0.5895522388,0.5671641791,0,0,58,0.982,0.9482758621,0.05172413793
2020,7,7x7,134,0,0,0,1,1,0,1,0,0,1,1,1,0.4402985075,0.4253731343,0.4179104478,0.4104477612,0.4029850746,0.5970149254,0.5597014925,0,0,58,0.9734693878,0.9310344828,0.06896551724
2020,11,11x11,134,0,0,0,1,1,0,1,0,0,1,1,1,0.4402985075,0.4253731343,0.4179104478,0.4104477612,0.3731343284,0.6268656716,0.5597014925,0,0,58,0.9466942149,0.8620689655,0.1379310345
2021,1,1x1,137,0,0,0,1,1,0,1,0,0,1,1,1,0.3649635036,0.3649635036,0.3649635036,0.3649635036,0.3649635036,0.6350364964,0.6350364964,0,0,50,1,1,0
2021,3,3x3,137,0,0,0,1,1,0,1,0,0,1,1,1,0.3649635036,0.3503649635,0.3430656934,0.3430656934,0.3430656934,0.6569343066,0.6350364964,0,0,50,0.9388888889,0.94,0.06
2021,5,5x5,137,0,0,0,1,1,0,1,0,0,1,1,1,0.3649635036,0.3503649635,0.3430656934,0.3430656934,0.3284671533,0.6715328467,0.6350364964,0,0,50,0.872,0.9,0.1
2021,7,7x7,137,0,0,0,1,1,0,1,0,0,1,1,1,0.3649635036,0.3430656934,0.3357664234,0.3284671533,0.3211678832,0.6788321168,0.6350364964,0,0,50,0.787755102,0.88,0.12
2021,11,11x11,137,0,0,0,1,1,0,1,0,0,1,1,1,0.3576642336,0.3430656934,0.3211678832,0.3211678832,0.3065693431,0.6934306569,0.6423357664,0,0,50,0.7078512397,0.84,0.16
2022,1,1x1,134,0,0,0,1,1,0,1,0,0,1,1,1,0.2835820896,0.2835820896,0.2835820896,0.2835820896,0.2835820896,0.7164179104,0.7164179104,0,0,38,1,1,0
2022,3,3x3,134,0,0,0,1,1,0,1,0,0,1,1,1,0.2910447761,0.2835820896,0.276119403,0.276119403,0.276119403,0.723880597,0.7089552239,0.007462686567,0.002487562189,38,1,0.9736842105,0.02631578947
2022,5,5x5,134,0,0,0,0.95,1,0,1,0,0.05,1,1,1,0.2910447761,0.2835820896,0.2686567164,0.2537313433,0.2462686567,0.7537313433,0.7089552239,0.007462686567,0.001492537313,38,0.914,0.8684210526,0.1315789474
2022,7,7x7,134,0,0,0,0.9489795918,1,0,1,0,0.05102040816,1,1,1,0.2985074627,0.276119403,0.2537313433,0.2537313433,0.2462686567,0.7537313433,0.7014925373,0.007462686567,0.0007614986293,38,0.7928571429,0.8684210526,0.1315789474
2022,11,11x11,134,0,0,0,0.8512396694,1,0,1,0,0.1487603306,1,1,1,0.3059701493,0.2686567164,0.2462686567,0.2462686567,0.2388059701,0.7611940299,0.6940298507,0.01492537313,0.0003700505736,38,0.6326446281,0.8421052632,0.1578947368
2023,1,1x1,136,0,0,0,1,1,0,1,0,0,1,1,1,0.2794117647,0.2794117647,0.2794117647,0.2794117647,0.2794117647,0.7205882353,0.7205882353,0,0,38,1,1,0
2023,3,3x3,136,0,0,0,0.9166666667,1,0,1,0,0.08333333333,1,1,1,0.2794117647,0.2647058824,0.25,0.25,0.25,0.75,0.7205882353,0,0,38,0.8555555556,0.8947368421,0.1052631579
2023,5,5x5,136,0,0,0,0.85,1,0,1,0,0.15,1,1,1,0.2794117647,0.2573529412,0.2426470588,0.2426470588,0.2426470588,0.7573529412,0.7205882353,0.007352941176,0.0005882352941,38,0.714,0.8684210526,0.1315789474
2023,7,7x7,136,0,0,0,0.8010204082,1,0,1,0,0.1989795918,1,1,1,0.2794117647,0.2573529412,0.2352941176,0.2352941176,0.2279411765,0.7720588235,0.7205882353,0.007352941176,0.002551020408,38,0.65,0.8157894737,0.1842105263
2023,11,11x11,136,0,0,0,0.7376033058,1,0,1,0,0.2623966942,1,1,1,0.2794117647,0.25,0.2352941176,0.2279411765,0.2205882353,0.7794117647,0.7205882353,0.007352941176,0.003949927078,38,0.647107438,0.7894736842,0.2105263158
2024,1,1x1,136,0,0,0,1,1,0,1,0,0,1,1,1,0.3014705882,0.3014705882,0.3014705882,0.3014705882,0.3014705882,0.6985294118,0.6985294118,0,0,41,1,1,0
2024,3,3x3,136,0,0,0,1,1,0,1,0,0,1,1,1,0.3014705882,0.3014705882,0.3014705882,0.3014705882,0.3014705882,0.6985294118,0.6985294118,0,0,41,1,1,0
2024,5,5x5,136,0,0,0,1,1,0,1,0,0,1,1,1,0.3014705882,0.3014705882,0.2941176471,0.2941176471,0.2941176471,0.7058823529,0.6985294118,0,0,41,1,0.9756097561,0.0243902439
2024,7,7x7,136,0,0,0,1,1,0,1,0,0,1,1,1,0.3014705882,0.2941176471,0.2867647059,0.2794117647,0.2794117647,0.7205882353,0.6985294118,0,0,41,0.9183673469,0.9268292683,0.07317073171
2024,11,11x11,136,0,0,0,1,1,0,1,0,0,1,1,1,0.3014705882,0.2867647059,0.2720588235,0.2720588235,0.2647058824,0.7279411765,0.6985294118,0.007352941176,6.07681089e-05,41,0.826446281,0.8780487805,0.09756097561
2025,1,1x1,177,0,0,0,1,1,0,1,0,0,1,1,1,0.3446327684,0.3446327684,0.3446327684,0.3446327684,0.3446327684,0.6553672316,0.6553672316,0,0,61,1,1,0
2025,3,3x3,177,0,0,0,1,1,0,1,0,0,1,1,1,0.3446327684,0.3333333333,0.3276836158,0.3276836158,0.3276836158,0.6666666667,0.6553672316,0.005649717514,0.001883239171,61,1,0.9508196721,0.03278688525
2025,5,5x5,177,0,0,0,1,1,0,1,0,0,1,1,1,0.3389830508,0.3276836158,0.3163841808,0.3107344633,0.3050847458,0.6892655367,0.6610169492,0.01129943503,0.002033898305,61,0.84,0.8852459016,0.09836065574
2025,7,7x7,177,0,0,0,1,1,0,1,0,0,1,1,1,0.3389830508,0.3220338983,0.3050847458,0.2994350282,0.2994350282,0.6949152542,0.6610169492,0.01129943503,0.001844805719,61,0.7346938776,0.868852459,0.1147540984
2025,11,11x11,177,0,0,0,1,1,0,1,0,0,1,1,1,0.3389830508,0.3107344633,0.2994350282,0.2994350282,0.2824858757,0.7175141243,0.6610169492,0.01129943503,0.001354064528,61,0.6611570248,0.8196721311,0.1803278689
