event_id,year,method,common_support_segment_id,reference_event_time,reference_magnitude,yearly_scale_q95_minus_q05,event_status,event_unavailable_reason,matching_window_days,magnitude_used_for_matching,matched_candidate_id,reconstructed_event_time,signed_timing_error_days,absolute_timing_error_days,success_5d,success_10d,success_15d,reconstructed_magnitude,signed_magnitude_error,absolute_magnitude_error,normalized_absolute_magnitude_error,magnitude_metric_status,magnitude_metric_reason,reconstruction_status,reconstruction_failure_code,reconstructed_prominence_diagnostic
ERK_2019_E01,2019,linear_interpolation,2019_segment_1,2019-08-26,60.8949,28.561547999999977,matched,,15,False,REC_2019_P005,2019-08-25T00:00:00,-1,1,True,True,True,29.236799999999999,-31.658100000000001,31.658100000000001,1.1084168127021696,ok,,ok,,
ERK_2019_E02,2019,linear_interpolation,2019_segment_1,2019-10-12,11.507400000000001,28.561547999999977,matched,,15,False,REC_2019_P006,2019-10-19T00:00:00,7,7,False,True,True,6.6261400000000004,-4.8812600000000002,4.8812600000000002,0.17090320174522769,ok,,ok,,
ERK_2019_E01,2019,timesat_double_logistic,2019_segment_1,2019-08-26,60.8949,28.561547999999977,matched,,15,False,REC_2019_P001,2019-08-21T12:00:00,-4.5,4.5,True,True,True,21.558717727661133,-39.336182272338867,39.336182272338867,1.3772426575877084,ok,,ok,,
ERK_2019_E02,2019,timesat_double_logistic,2019_segment_1,2019-10-12,11.507400000000001,28.561547999999977,missed_no_peak_within_15d,,15,False,,,,,False,False,False,,,,,unavailable,no_matched_reconstruction_event,ok,,
ERK_2019_E01,2019,timesat_smoothing_spline,2019_segment_1,2019-08-26,60.8949,28.561547999999977,matched,,15,False,REC_2019_P004,2019-08-17T00:00:00,-9,9,False,True,True,28.175228118896484,-32.719671881103515,32.719671881103515,1.1455846819333302,ok,,ok,,
ERK_2019_E02,2019,timesat_smoothing_spline,2019_segment_1,2019-10-12,11.507400000000001,28.561547999999977,matched,,15,False,REC_2019_P005,2019-10-18T00:00:00,6,6,False,True,True,6.4851250648498535,-5.022274935150147,5.022274935150147,0.17584043186840401,ok,,ok,,
ERK_2020_E01,2020,linear_interpolation,2020_segment_2,2020-04-18,22.152100000000001,21.051458999999998,matched,,15,False,REC_2020_P005,2020-04-18T00:00:00,0,0,True,True,True,22.152100000000001,0,0,0,ok,,ok,,
ERK_2020_E02,2020,linear_interpolation,2020_segment_2,2020-08-09,38.953600000000002,21.051458999999998,matched,,15,False,REC_2020_P008,2020-08-09T00:00:00,0,0,True,True,True,38.953600000000002,0,0,0,ok,,ok,,
ERK_2020_E03,2020,linear_interpolation,2020_segment_2,2020-09-09,42.731900000000003,21.051458999999998,matched,,15,False,REC_2020_P011,2020-09-13T00:00:00,4,4,True,True,True,30.6279,-12.104000000000003,12.104000000000003,0.57497202450433504,ok,,ok,,
ERK_2020_E01,2020,timesat_double_logistic,2020_segment_2,2020-04-18,22.152100000000001,21.051458999999998,missed_no_peak_within_15d,,15,False,,,,,False,False,False,,,,,unavailable,no_matched_reconstruction_event,ok,,
ERK_2020_E02,2020,timesat_double_logistic,2020_segment_2,2020-08-09,38.953600000000002,21.051458999999998,missed_no_peak_within_15d,,15,False,,,,,False,False,False,,,,,unavailable,no_matched_reconstruction_event,ok,,
ERK_2020_E03,2020,timesat_double_logistic,2020_segment_2,2020-09-09,42.731900000000003,21.051458999999998,matched,,15,False,REC_2020_P001,2020-08-29T00:00:00,-11,11,False,False,True,13.458242416381836,-29.273657583618167,29.273657583618167,1.3905761868390296,ok,,ok,,
ERK_2020_E01,2020,timesat_smoothing_spline,2020_segment_2,2020-04-18,22.152100000000001,21.051458999999998,missed_no_peak_within_15d,,15,False,,,,,False,False,False,,,,,unavailable,no_matched_reconstruction_event,ok,,
ERK_2020_E02,2020,timesat_smoothing_spline,2020_segment_2,2020-08-09,38.953600000000002,21.051458999999998,matched,,15,False,REC_2020_P002,2020-08-08T00:00:00,-1,1,True,True,True,18.865280151367188,-20.088319848632814,20.088319848632814,0.95424834205709053,ok,,ok,,
ERK_2020_E03,2020,timesat_smoothing_spline,2020_segment_2,2020-09-09,42.731900000000003,21.051458999999998,matched,,15,False,REC_2020_P003,2020-09-12T00:00:00,3,3,True,True,True,19.954183578491211,-22.777716421508792,22.777716421508792,1.0820017948166345,ok,,ok,,
ERK_2021_E01,2021,linear_interpolation,2021_segment_1,2021-04-08,37.868200000000002,22.156309999999998,matched,,15,False,REC_2021_P001,2021-04-08T00:00:00,0,0,True,True,True,37.868200000000002,0,0,0,ok,,ok,,
ERK_2021_E02,2021,linear_interpolation,2021_segment_1,2021-08-09,25.183499999999999,22.156309999999998,matched,,15,False,REC_2021_P008,2021-08-09T00:00:00,0,0,True,True,True,25.183499999999999,0,0,0,ok,,ok,,
ERK_2021_E01,2021,timesat_double_logistic,2021_segment_1,2021-04-08,37.868200000000002,22.156309999999998,matched,,15,False,REC_2021_P001,2021-03-25T00:00:00,-14,14,False,False,True,16.082614898681641,-21.785585101318361,21.785585101318361,0.98326775087179963,ok,,ok,,
ERK_2021_E02,2021,timesat_double_logistic,2021_segment_1,2021-08-09,25.183499999999999,22.156309999999998,matched,,15,False,REC_2021_P002,2021-08-16T00:00:00,7,7,False,True,True,15.98066520690918,-9.202834793090819,9.202834793090819,0.41535954286119031,ok,,ok,,
ERK_2021_E01,2021,timesat_smoothing_spline,2021_segment_1,2021-04-08,37.868200000000002,22.156309999999998,matched,,15,False,REC_2021_P001,2021-04-05T00:00:00,-3,3,True,True,True,29.197120666503903,-8.6710793334960989,8.6710793334960989,0.39135936144132755,ok,,ok,,
ERK_2021_E02,2021,timesat_smoothing_spline,2021_segment_1,2021-08-09,25.183499999999999,22.156309999999998,matched,,15,False,REC_2021_P003,2021-08-08T00:00:00,-1,1,True,True,True,18.565439224243164,-6.6180607757568346,6.6180607757568346,0.29869869015900369,ok,,ok,,
ERK_2022_E01,2022,linear_interpolation,2022_segment_1,2022-08-07,57.523899999999998,16.804815000000001,matched,,15,False,REC_2022_P004,2022-08-01T00:00:00,-6,6,False,True,True,18.181899999999999,-39.341999999999999,39.341999999999999,2.3411147340806786,ok,,ok,,
ERK_2022_E02,2022,linear_interpolation,2022_segment_1,2022-09-26,9.1590399999999992,16.804815000000001,matched,,15,False,REC_2022_P006,2022-10-03T00:00:00,7,7,False,True,True,4.6959400000000002,-4.463099999999999,4.463099999999999,0.26558459584351263,ok,,ok,,
ERK_2022_E01,2022,timesat_double_logistic,2022_segment_1,2022-08-07,57.523899999999998,16.804815000000001,matched,,15,False,REC_2022_P001,2022-08-06T00:00:00,-1,1,True,True,True,13.600553512573242,-43.923346487426755,43.923346487426755,2.6137357946175994,ok,,ok,,
ERK_2022_E02,2022,timesat_double_logistic,2022_segment_1,2022-09-26,9.1590399999999992,16.804815000000001,missed_no_peak_within_15d,,15,False,,,,,False,False,False,,,,,unavailable,no_matched_reconstruction_event,ok,,
ERK_2022_E01,2022,timesat_smoothing_spline,2022_segment_1,2022-08-07,57.523899999999998,16.804815000000001,matched,,15,False,REC_2022_P005,2022-08-01T00:00:00,-6,6,False,True,True,16.906837463378906,-40.617062536621091,40.617062536621091,2.4169895673722732,ok,,ok,,
ERK_2022_E02,2022,timesat_smoothing_spline,2022_segment_1,2022-09-26,9.1590399999999992,16.804815000000001,missed_no_peak_within_15d,,15,False,,,,,False,False,False,,,,,unavailable,no_matched_reconstruction_event,ok,,
ERK_2023_E01,2023,linear_interpolation,2023_segment_1,2023-04-23,15.9877,10.662149899999999,matched,,15,False,REC_2023_P001,2023-04-23T00:00:00,0,0,True,True,True,15.9877,0,0,0,ok,,ok,,
ERK_2023_E02,2023,linear_interpolation,2023_segment_1,2023-07-31,15.726699999999999,10.662149899999999,matched,,15,False,REC_2023_P005,2023-07-20T00:00:00,-11,11,False,False,True,10.7149,-5.0117999999999991,5.0117999999999991,0.47005529344508651,ok,,ok,,
ERK_2023_E03,2023,linear_interpolation,2023_segment_1,2023-09-01,10.2285,10.662149899999999,matched,,15,False,REC_2023_P006,2023-09-05T00:00:00,4,4,True,True,True,7.1104399999999996,-3.1180600000000007,3.1180600000000007,0.29244195863350231,ok,,ok,,
ERK_2023_E01,2023,timesat_double_logistic,2023_segment_1,2023-04-23,15.9877,10.662149899999999,missed_no_peak_within_15d,,15,False,,,,,False,False,False,,,,,unavailable,no_matched_reconstruction_event,ok,,
ERK_2023_E02,2023,timesat_double_logistic,2023_segment_1,2023-07-31,15.726699999999999,10.662149899999999,matched,,15,False,REC_2023_P001,2023-08-06T00:00:00,6,6,False,True,True,8.8745565414428711,-6.8521434585571281,6.8521434585571281,0.6426605818548029,ok,,ok,,
ERK_2023_E03,2023,timesat_double_logistic,2023_segment_1,2023-09-01,10.2285,10.662149899999999,missed_no_peak_within_15d,,15,False,,,,,False,False,False,,,,,unavailable,no_matched_reconstruction_event,ok,,
ERK_2023_E01,2023,timesat_smoothing_spline,2023_segment_1,2023-04-23,15.9877,10.662149899999999,matched,,15,False,REC_2023_P001,2023-04-22T00:00:00,-1,1,True,True,True,14.537269592285156,-1.450430407714844,1.450430407714844,0.13603545451136867,ok,,ok,,
ERK_2023_E02,2023,timesat_smoothing_spline,2023_segment_1,2023-07-31,15.726699999999999,10.662149899999999,matched,,15,False,REC_2023_P002,2023-07-21T00:00:00,-10,10,False,True,True,10.678133964538574,-5.048566035461425,5.048566035461425,0.47350356943128563,ok,,ok,,
ERK_2023_E03,2023,timesat_smoothing_spline,2023_segment_1,2023-09-01,10.2285,10.662149899999999,missed_no_peak_within_15d,,15,False,,,,,False,False,False,,,,,unavailable,no_matched_reconstruction_event,ok,,
ERK_2024_E01,2024,linear_interpolation,2024_segment_1,2024-07-19,14.2628,16.317387499999999,matched,,15,False,REC_2024_P004,2024-07-21T00:00:00,2,2,True,True,True,11.023099999999999,-3.2397000000000009,3.2397000000000009,0.19854281207699462,ok,,ok,,
ERK_2024_E02,2024,linear_interpolation,2024_segment_1,2024-08-31,35.773899999999998,16.317387499999999,matched,,15,False,REC_2024_P006,2024-09-04T00:00:00,4,4,True,True,True,27.197600000000001,-8.5762999999999963,8.5762999999999963,0.52559271513286043,ok,,ok,,
ERK_2024_E01,2024,timesat_double_logistic,2024_segment_1,2024-07-19,14.2628,16.317387499999999,missed_no_peak_within_15d,,15,False,,,,,False,False,False,,,,,unavailable,no_matched_reconstruction_event,ok,,
ERK_2024_E02,2024,timesat_double_logistic,2024_segment_1,2024-08-31,35.773899999999998,16.317387499999999,matched,,15,False,REC_2024_P001,2024-08-30T00:00:00,-1,1,True,True,True,16.807426452636719,-18.966473547363279,18.966473547363279,1.1623474375026812,ok,,ok,,
ERK_2024_E01,2024,timesat_smoothing_spline,2024_segment_1,2024-07-19,14.2628,16.317387499999999,matched,,15,False,REC_2024_P004,2024-07-18T00:00:00,-1,1,True,True,True,11.871456146240234,-2.391343853759766,2.391343853759766,0.14655188238679545,ok,,ok,,
ERK_2024_E02,2024,timesat_smoothing_spline,2024_segment_1,2024-08-31,35.773899999999998,16.317387499999999,matched,,15,False,REC_2024_P006,2024-09-03T00:00:00,3,3,True,True,True,23.684806823730469,-12.089093176269529,12.089093176269529,0.74087185686247448,ok,,ok,,
ERK_2025_E01,2025,linear_interpolation,2025_segment_1,2025-03-30,40.746499999999997,29.979274999999998,matched,,15,False,REC_2025_P001,2025-03-28T00:00:00,-2,2,True,True,True,40.700299999999999,-0.046199999999998909,0.046199999999998909,0.0015410646188074566,ok,,ok,,
ERK_2025_E02,2025,linear_interpolation,2025_segment_1,2025-07-14,27.281199999999998,29.979274999999998,matched,,15,False,REC_2025_P006,2025-07-16T00:00:00,2,2,True,True,True,5.2949200000000003,-21.986279999999997,21.986279999999997,0.73338264517737661,ok,,ok,,
ERK_2025_E03,2025,linear_interpolation,2025_segment_1,2025-08-28,37.697400000000002,29.979274999999998,matched,,15,False,REC_2025_P009,2025-08-28T00:00:00,0,0,True,True,True,37.697400000000002,0,0,0,ok,,ok,,
ERK_2025_E04,2025,linear_interpolation,2025_segment_1,2025-10-14,83.4709,29.979274999999998,matched,,15,False,REC_2025_P011,2025-10-09T00:00:00,-5,5,True,True,True,14.2097,-69.261200000000002,69.261200000000002,2.3103027007824575,ok,,ok,,
ERK_2025_E01,2025,timesat_double_logistic,2025_segment_1,2025-03-30,40.746499999999997,29.979274999999998,missed_no_peak_within_15d,,15,False,,,,,False,False,False,,,,,unavailable,no_matched_reconstruction_event,ok,,
ERK_2025_E02,2025,timesat_double_logistic,2025_segment_1,2025-07-14,27.281199999999998,29.979274999999998,missed_no_peak_within_15d,,15,False,,,,,False,False,False,,,,,unavailable,no_matched_reconstruction_event,ok,,
ERK_2025_E03,2025,timesat_double_logistic,2025_segment_1,2025-08-28,37.697400000000002,29.979274999999998,matched,,15,False,REC_2025_P001,2025-08-15T00:00:00,-13,13,False,False,True,27.763763427734375,-9.9336365722656268,9.9336365722656268,0.33135012678811038,ok,,ok,,
ERK_2025_E04,2025,timesat_double_logistic,2025_segment_1,2025-10-14,83.4709,29.979274999999998,missed_no_peak_within_15d,,15,False,,,,,False,False,False,,,,,unavailable,no_matched_reconstruction_event,ok,,
ERK_2025_E01,2025,timesat_smoothing_spline,2025_segment_1,2025-03-30,40.746499999999997,29.979274999999998,matched,,15,False,REC_2025_P001,2025-03-26T00:00:00,-4,4,True,True,True,39.082691192626953,-1.6638088073730444,1.6638088073730444,0.055498633885343943,ok,,ok,,
ERK_2025_E02,2025,timesat_smoothing_spline,2025_segment_1,2025-07-14,27.281199999999998,29.979274999999998,matched,,15,False,REC_2025_P005,2025-07-15T00:00:00,1,1,True,True,True,5.0370965003967285,-22.24410349960327,22.24410349960327,0.74198270303745739,ok,,ok,,
ERK_2025_E03,2025,timesat_smoothing_spline,2025_segment_1,2025-08-28,37.697400000000002,29.979274999999998,matched,,15,False,REC_2025_P007,2025-08-26T00:00:00,-2,2,True,True,True,35.560092926025391,-2.1373070739746112,2.1373070739746112,0.07129282058937754,ok,,ok,,
ERK_2025_E04,2025,timesat_smoothing_spline,2025_segment_1,2025-10-14,83.4709,29.979274999999998,matched,,15,False,REC_2025_P008,2025-10-09T00:00:00,-5,5,True,True,True,13.453960418701172,-70.016939581298828,70.016939581298828,2.3355114351931072,ok,,ok,,
