event_id,year,method,p_seapar,coarse_smoothing,common_support_segment_id,reference_event_time,reference_magnitude,yearly_scale_q95_minus_q05,event_status,event_unavailable_reason,matching_window_days,magnitude_used_for_matching,matched_candidate_id,reconstructed_event_time,signed_timing_error_days,absolute_timing_error_days,success_5d,success_10d,success_15d,reconstructed_magnitude,signed_magnitude_error,absolute_magnitude_error,normalized_absolute_magnitude_error,magnitude_metric_status,magnitude_metric_reason,scenario_id
ERK_2019_E01,2019,B2_2019_coarse_1000,1,1000,2019_segment_1,2019-08-26,60.8949,28.561547999999977,matched,,15,False,REC_2019_P001,2019-08-21,-5,5,True,True,True,26.500631332397461,-34.394268667602539,34.394268667602539,1.2042158452897078,ok,,B2_2019_coarse_1000
ERK_2019_E02,2019,B2_2019_coarse_1000,1,1000,2019_segment_1,2019-10-12,11.507400000000001,28.561547999999977,missed_no_peak_within_15d,,15,False,,,,,False,False,False,,,,,unavailable,no_matched_reconstruction_event,B2_2019_coarse_1000
ERK_2019_E01,2019,B2_2019_coarse_300,1,300,2019_segment_1,2019-08-26,60.8949,28.561547999999977,matched,,15,False,REC_2019_P001,2019-08-21,-5,5,True,True,True,26.409343719482422,-34.485556280517578,34.485556280517578,1.2074120170418496,ok,,B2_2019_coarse_300
ERK_2019_E02,2019,B2_2019_coarse_300,1,300,2019_segment_1,2019-10-12,11.507400000000001,28.561547999999977,missed_no_peak_within_15d,,15,False,,,,,False,False,False,,,,,unavailable,no_matched_reconstruction_event,B2_2019_coarse_300
ERK_2019_E01,2019,B2_2019_coarse_100,1,100,2019_segment_1,2019-08-26,60.8949,28.561547999999977,matched,,15,False,REC_2019_P001,2019-08-20,-6,6,False,True,True,26.472312927246094,-34.422587072753906,34.422587072753906,1.2052073323460597,ok,,B2_2019_coarse_100
ERK_2019_E02,2019,B2_2019_coarse_100,1,100,2019_segment_1,2019-10-12,11.507400000000001,28.561547999999977,missed_no_peak_within_15d,,15,False,,,,,False,False,False,,,,,unavailable,no_matched_reconstruction_event,B2_2019_coarse_100
ERK_2019_E01,2019,B2_2019_coarse_30,1,30,2019_segment_1,2019-08-26,60.8949,28.561547999999977,matched,,15,False,REC_2019_P001,2019-08-20,-6,6,False,True,True,26.480436325073242,-34.414463674926758,34.414463674926758,1.2049229150649252,ok,,B2_2019_coarse_30
ERK_2019_E02,2019,B2_2019_coarse_30,1,30,2019_segment_1,2019-10-12,11.507400000000001,28.561547999999977,missed_no_peak_within_15d,,15,False,,,,,False,False,False,,,,,unavailable,no_matched_reconstruction_event,B2_2019_coarse_30
ERK_2019_E01,2019,B2_2019_coarse_10,1,10,2019_segment_1,2019-08-26,60.8949,28.561547999999977,matched,,15,False,REC_2019_P001,2019-08-20,-6,6,False,True,True,26.073945999145508,-34.820954000854492,34.820954000854492,1.2191549982113896,ok,,B2_2019_coarse_10
ERK_2019_E02,2019,B2_2019_coarse_10,1,10,2019_segment_1,2019-10-12,11.507400000000001,28.561547999999977,missed_no_peak_within_15d,,15,False,,,,,False,False,False,,,,,unavailable,no_matched_reconstruction_event,B2_2019_coarse_10
ERK_2019_E01,2019,B2_2019_coarse_3,1,3,2019_segment_1,2019-08-26,60.8949,28.561547999999977,matched,,15,False,REC_2019_P002,2019-08-19,-7,7,False,True,True,22.345430374145508,-38.549469625854492,38.549469625854492,1.3496981895328126,ok,,B2_2019_coarse_3
ERK_2019_E02,2019,B2_2019_coarse_3,1,3,2019_segment_1,2019-10-12,11.507400000000001,28.561547999999977,missed_no_peak_within_15d,,15,False,,,,,False,False,False,,,,,unavailable,no_matched_reconstruction_event,B2_2019_coarse_3
ERK_2019_E01,2019,B2_2019_coarse_1,1,1,2019_segment_1,2019-08-26,60.8949,28.561547999999977,matched,,15,False,REC_2019_P001,2019-08-19,-7,7,False,True,True,27.940744400024414,-32.954155599975586,32.954155599975586,1.153794451196259,ok,,B2_2019_coarse_1
ERK_2019_E02,2019,B2_2019_coarse_1,1,1,2019_segment_1,2019-10-12,11.507400000000001,28.561547999999977,matched,,15,False,REC_2019_P002,2019-10-27,15,15,False,False,True,3.9810011386871338,-7.5263988613128667,7.5263988613128667,0.26351508893400571,ok,,B2_2019_coarse_1
ERK_2019_E01,2019,B2_2019_coarse_0,1,0,2019_segment_1,2019-08-26,60.8949,28.561547999999977,matched,,15,False,REC_2019_P002,2019-08-17,-9,9,False,True,True,23.006124496459961,-37.888775503540039,37.888775503540039,1.3265658956419333,ok,,B2_2019_coarse_0
ERK_2019_E02,2019,B2_2019_coarse_0,1,0,2019_segment_1,2019-10-12,11.507400000000001,28.561547999999977,missed_no_peak_within_15d,,15,False,,,,,False,False,False,,,,,unavailable,no_matched_reconstruction_event,B2_2019_coarse_0
ERK_2020_E01,2020,B2_2020_coarse_1000,1,1000,2020_segment_2,2020-04-18,22.152100000000001,21.051459000000001,matched,,15,False,REC_2020_P001,2020-04-12,-6,6,False,True,True,18.485252380371094,-3.666847619628907,3.666847619628907,0.17418496359938315,ok,,B2_2020_coarse_1000
ERK_2020_E02,2020,B2_2020_coarse_1000,1,1000,2020_segment_2,2020-08-09,38.953600000000002,21.051459000000001,matched,,15,False,REC_2020_P002,2020-08-10,1,1,True,True,True,13.552470207214355,-25.401129792785646,25.401129792785646,1.2066208709232764,ok,,B2_2020_coarse_1000
ERK_2020_E03,2020,B2_2020_coarse_1000,1,1000,2020_segment_2,2020-09-09,42.731900000000003,21.051459000000001,matched,,15,False,REC_2020_P003,2020-09-10,1,1,True,True,True,16.269735336303711,-26.462164663696292,26.462164663696292,1.2570228345549015,ok,,B2_2020_coarse_1000
ERK_2020_E01,2020,B2_2020_coarse_300,1,300,2020_segment_2,2020-04-18,22.152100000000001,21.051459000000001,matched,,15,False,REC_2020_P001,2020-04-12,-6,6,False,True,True,18.565225601196289,-3.5868743988037117,3.5868743988037117,0.17038602401874908,ok,,B2_2020_coarse_300
ERK_2020_E02,2020,B2_2020_coarse_300,1,300,2020_segment_2,2020-08-09,38.953600000000002,21.051459000000001,matched,,15,False,REC_2020_P002,2020-08-10,1,1,True,True,True,13.484460830688477,-25.469139169311525,25.469139169311525,1.2098514962460096,ok,,B2_2020_coarse_300
ERK_2020_E03,2020,B2_2020_coarse_300,1,300,2020_segment_2,2020-09-09,42.731900000000003,21.051459000000001,matched,,15,False,REC_2020_P003,2020-09-09,0,0,True,True,True,16.273948669433594,-26.457951330566409,26.457951330566409,1.2568226900836854,ok,,B2_2020_coarse_300
ERK_2020_E01,2020,B2_2020_coarse_100,1,100,2020_segment_2,2020-04-18,22.152100000000001,21.051459000000001,missed_no_peak_within_15d,,15,False,,,,,False,False,False,,,,,unavailable,no_matched_reconstruction_event,B2_2020_coarse_100
ERK_2020_E02,2020,B2_2020_coarse_100,1,100,2020_segment_2,2020-08-09,38.953600000000002,21.051459000000001,matched,,15,False,REC_2020_P001,2020-08-07,-2,2,True,True,True,14.745807647705078,-24.207792352294923,24.207792352294923,1.1499341851932885,ok,,B2_2020_coarse_100
ERK_2020_E03,2020,B2_2020_coarse_100,1,100,2020_segment_2,2020-09-09,42.731900000000003,21.051459000000001,matched,,15,False,REC_2020_P002,2020-09-11,2,2,True,True,True,16.871767044067383,-25.86013295593262,25.86013295593262,1.2284247355935101,ok,,B2_2020_coarse_100
ERK_2020_E01,2020,B2_2020_coarse_30,1,30,2020_segment_2,2020-04-18,22.152100000000001,21.051459000000001,missed_no_peak_within_15d,,15,False,,,,,False,False,False,,,,,unavailable,no_matched_reconstruction_event,B2_2020_coarse_30
ERK_2020_E02,2020,B2_2020_coarse_30,1,30,2020_segment_2,2020-08-09,38.953600000000002,21.051459000000001,matched,,15,False,REC_2020_P003,2020-08-07,-2,2,True,True,True,14.045351028442383,-24.908248971557619,24.908248971557619,1.1832077278614095,ok,,B2_2020_coarse_30
ERK_2020_E03,2020,B2_2020_coarse_30,1,30,2020_segment_2,2020-09-09,42.731900000000003,21.051459000000001,matched,,15,False,REC_2020_P004,2020-09-10,1,1,True,True,True,15.806641578674316,-26.925258421325687,26.925258421325687,1.2790210132858575,ok,,B2_2020_coarse_30
ERK_2020_E01,2020,B2_2020_coarse_10,1,10,2020_segment_2,2020-04-18,22.152100000000001,21.051459000000001,matched,,15,False,REC_2020_P002,2020-04-12,-6,6,False,True,True,17.419239044189453,-4.7328609558105477,4.7328609558105477,0.2248234175032974,ok,,B2_2020_coarse_10
ERK_2020_E02,2020,B2_2020_coarse_10,1,10,2020_segment_2,2020-08-09,38.953600000000002,21.051459000000001,matched,,15,False,REC_2020_P004,2020-08-04,-5,5,True,True,True,14.623514175415039,-24.330085824584962,24.330085824584962,1.155743448688519,ok,,B2_2020_coarse_10
ERK_2020_E03,2020,B2_2020_coarse_10,1,10,2020_segment_2,2020-09-09,42.731900000000003,21.051459000000001,matched,,15,False,REC_2020_P005,2020-09-09,0,0,True,True,True,18.840936660766602,-23.890963339233402,23.890963339233402,1.1348839688134396,ok,,B2_2020_coarse_10
ERK_2020_E01,2020,B2_2020_coarse_3,1,3,2020_segment_2,2020-04-18,22.152100000000001,21.051459000000001,missed_no_peak_within_15d,,15,False,,,,,False,False,False,,,,,unavailable,no_matched_reconstruction_event,B2_2020_coarse_3
ERK_2020_E02,2020,B2_2020_coarse_3,1,3,2020_segment_2,2020-08-09,38.953600000000002,21.051459000000001,matched,,15,False,REC_2020_P003,2020-08-07,-2,2,True,True,True,12.927396774291992,-26.026203225708009,26.026203225708009,1.2363135127930092,ok,,B2_2020_coarse_3
ERK_2020_E03,2020,B2_2020_coarse_3,1,3,2020_segment_2,2020-09-09,42.731900000000003,21.051459000000001,matched,,15,False,REC_2020_P004,2020-09-07,-2,2,True,True,True,18.257453918457031,-24.474446081542972,24.474446081542972,1.1626009428393049,ok,,B2_2020_coarse_3
ERK_2020_E01,2020,B2_2020_coarse_1,1,1,2020_segment_2,2020-04-18,22.152100000000001,21.051459000000001,missed_no_peak_within_15d,,15,False,,,,,False,False,False,,,,,unavailable,no_matched_reconstruction_event,B2_2020_coarse_1
ERK_2020_E02,2020,B2_2020_coarse_1,1,1,2020_segment_2,2020-08-09,38.953600000000002,21.051459000000001,matched,,15,False,REC_2020_P003,2020-07-31,-9,9,False,True,True,15.233139991760254,-23.720460008239748,23.720460008239748,1.1267846094771743,ok,,B2_2020_coarse_1
ERK_2020_E03,2020,B2_2020_coarse_1,1,1,2020_segment_2,2020-09-09,42.731900000000003,21.051459000000001,matched,,15,False,REC_2020_P004,2020-09-11,2,2,True,True,True,15.49650764465332,-27.235392355346683,27.235392355346683,1.2937531956975847,ok,,B2_2020_coarse_1
ERK_2020_E01,2020,B2_2020_coarse_0,1,0,2020_segment_2,2020-04-18,22.152100000000001,21.051459000000001,missed_no_peak_within_15d,,15,False,,,,,False,False,False,,,,,unavailable,no_matched_reconstruction_event,B2_2020_coarse_0
ERK_2020_E02,2020,B2_2020_coarse_0,1,0,2020_segment_2,2020-08-09,38.953600000000002,21.051459000000001,matched,,15,False,REC_2020_P004,2020-08-03,-6,6,False,True,True,16.298898696899414,-22.654701303100587,22.654701303100587,1.0761582512214753,ok,,B2_2020_coarse_0
ERK_2020_E03,2020,B2_2020_coarse_0,1,0,2020_segment_2,2020-09-09,42.731900000000003,21.051459000000001,matched,,15,False,REC_2020_P005,2020-09-14,5,5,True,True,True,16.255586624145508,-26.476313375854495,26.476313375854495,1.2576949358167762,ok,,B2_2020_coarse_0
ERK_2021_E01,2021,B2_2021_coarse_1000,1,1000,2021_segment_1,2021-04-08,37.868200000000002,22.156310000000001,matched,,15,False,REC_2021_P001,2021-04-04,-4,4,True,True,True,22.145103454589844,-15.723096545410158,15.723096545410158,0.70964418467741952,ok,,B2_2021_coarse_1000
ERK_2021_E02,2021,B2_2021_coarse_1000,1,1000,2021_segment_1,2021-08-09,25.183499999999999,22.156310000000001,matched,,15,False,REC_2021_P002,2021-08-12,3,3,True,True,True,16.305395126342773,-8.8781048736572252,8.8781048736572252,0.40070322511542872,ok,,B2_2021_coarse_1000
ERK_2021_E01,2021,B2_2021_coarse_300,1,300,2021_segment_1,2021-04-08,37.868200000000002,22.156310000000001,matched,,15,False,REC_2021_P001,2021-04-03,-5,5,True,True,True,22.239913940429688,-15.628286059570314,15.628286059570314,0.70536502060001471,ok,,B2_2021_coarse_300
ERK_2021_E02,2021,B2_2021_coarse_300,1,300,2021_segment_1,2021-08-09,25.183499999999999,22.156310000000001,matched,,15,False,REC_2021_P002,2021-08-12,3,3,True,True,True,17.069656372070312,-8.1138436279296862,8.1138436279296862,0.36620915792971326,ok,,B2_2021_coarse_300
ERK_2021_E01,2021,B2_2021_coarse_100,1,100,2021_segment_1,2021-04-08,37.868200000000002,22.156310000000001,matched,,15,False,REC_2021_P001,2021-04-04,-4,4,True,True,True,22.067913055419922,-15.80028694458008,15.80028694458008,0.71312808606577893,ok,,B2_2021_coarse_100
ERK_2021_E02,2021,B2_2021_coarse_100,1,100,2021_segment_1,2021-08-09,25.183499999999999,22.156310000000001,matched,,15,False,REC_2021_P002,2021-08-12,3,3,True,True,True,16.799224853515625,-8.3842751464843737,8.3842751464843737,0.37841477874629725,ok,,B2_2021_coarse_100
ERK_2021_E01,2021,B2_2021_coarse_30,1,30,2021_segment_1,2021-04-08,37.868200000000002,22.156310000000001,matched,,15,False,REC_2021_P001,2021-04-03,-5,5,True,True,True,23.654159545898438,-14.214040454101564,14.214040454101564,0.64153464426619611,ok,,B2_2021_coarse_30
ERK_2021_E02,2021,B2_2021_coarse_30,1,30,2021_segment_1,2021-08-09,25.183499999999999,22.156310000000001,matched,,15,False,REC_2021_P003,2021-08-13,4,4,True,True,True,17.367565155029297,-7.8159348449707018,7.8159348449707018,0.35276338185242495,ok,,B2_2021_coarse_30
ERK_2021_E01,2021,B2_2021_coarse_10,1,10,2021_segment_1,2021-04-08,37.868200000000002,22.156310000000001,matched,,15,False,REC_2021_P001,2021-04-01,-7,7,False,True,True,22.534664154052734,-15.333535845947267,15.333535845947267,0.69206180297835096,ok,,B2_2021_coarse_10
ERK_2021_E02,2021,B2_2021_coarse_10,1,10,2021_segment_1,2021-08-09,25.183499999999999,22.156310000000001,matched,,15,False,REC_2021_P003,2021-08-12,3,3,True,True,True,16.477134704589844,-8.7063652954101549,8.7063652954101549,0.39295195343494266,ok,,B2_2021_coarse_10
ERK_2021_E01,2021,B2_2021_coarse_3,1,3,2021_segment_1,2021-04-08,37.868200000000002,22.156310000000001,matched,,15,False,REC_2021_P001,2021-04-05,-3,3,True,True,True,29.272090911865234,-8.5961090881347673,8.5961090881347673,0.38797566418481988,ok,,B2_2021_coarse_3
ERK_2021_E02,2021,B2_2021_coarse_3,1,3,2021_segment_1,2021-08-09,25.183499999999999,22.156310000000001,matched,,15,False,REC_2021_P004,2021-08-06,-3,3,True,True,True,17.572427749633789,-7.6110722503662096,7.6110722503662096,0.34351714028040814,ok,,B2_2021_coarse_3
ERK_2021_E01,2021,B2_2021_coarse_1,1,1,2021_segment_1,2021-04-08,37.868200000000002,22.156310000000001,matched,,15,False,REC_2021_P001,2021-04-07,-1,1,True,True,True,20.417760848999023,-17.450439151000978,17.450439151000978,0.78760584009706391,ok,,B2_2021_coarse_1
ERK_2021_E02,2021,B2_2021_coarse_1,1,1,2021_segment_1,2021-08-09,25.183499999999999,22.156310000000001,matched,,15,False,REC_2021_P004,2021-08-09,0,0,True,True,True,17.017147064208984,-8.1663529357910143,8.1663529357910143,0.36857910616844652,ok,,B2_2021_coarse_1
ERK_2021_E01,2021,B2_2021_coarse_0,1,0,2021_segment_1,2021-04-08,37.868200000000002,22.156310000000001,matched,,15,False,REC_2021_P001,2021-04-05,-3,3,True,True,True,28.943105697631836,-8.9250943023681657,8.9250943023681657,0.4028240398499644,ok,,B2_2021_coarse_0
ERK_2021_E02,2021,B2_2021_coarse_0,1,0,2021_segment_1,2021-08-09,25.183499999999999,22.156310000000001,matched,,15,False,REC_2021_P004,2021-08-14,5,5,True,True,True,18.662563323974609,-6.5209366760253893,6.5209366760253893,0.29431510373457442,ok,,B2_2021_coarse_0
ERK_2022_E01,2022,B2_2022_coarse_1000,1,1000,2022_segment_1,2022-08-07,57.523899999999998,16.804815000000001,matched,,15,False,REC_2022_P001,2022-08-04,-3,3,True,True,True,14.713225364685059,-42.810674635314939,42.810674635314939,2.5475243039161652,ok,,B2_2022_coarse_1000
ERK_2022_E02,2022,B2_2022_coarse_1000,1,1000,2022_segment_1,2022-09-26,9.1590399999999992,16.804815000000001,missed_no_peak_within_15d,,15,False,,,,,False,False,False,,,,,unavailable,no_matched_reconstruction_event,B2_2022_coarse_1000
ERK_2022_E01,2022,B2_2022_coarse_300,1,300,2022_segment_1,2022-08-07,57.523899999999998,16.804815000000001,matched,,15,False,REC_2022_P001,2022-08-04,-3,3,True,True,True,14.70887565612793,-42.815024343872068,42.815024343872068,2.5477831409552598,ok,,B2_2022_coarse_300
ERK_2022_E02,2022,B2_2022_coarse_300,1,300,2022_segment_1,2022-09-26,9.1590399999999992,16.804815000000001,missed_no_peak_within_15d,,15,False,,,,,False,False,False,,,,,unavailable,no_matched_reconstruction_event,B2_2022_coarse_300
ERK_2022_E01,2022,B2_2022_coarse_100,1,100,2022_segment_1,2022-08-07,57.523899999999998,16.804815000000001,matched,,15,False,REC_2022_P001,2022-08-04,-3,3,True,True,True,14.734967231750488,-42.788932768249509,42.788932768249509,2.5462305159711374,ok,,B2_2022_coarse_100
ERK_2022_E02,2022,B2_2022_coarse_100,1,100,2022_segment_1,2022-09-26,9.1590399999999992,16.804815000000001,missed_no_peak_within_15d,,15,False,,,,,False,False,False,,,,,unavailable,no_matched_reconstruction_event,B2_2022_coarse_100
ERK_2022_E01,2022,B2_2022_coarse_30,1,30,2022_segment_1,2022-08-07,57.523899999999998,16.804815000000001,matched,,15,False,REC_2022_P001,2022-08-04,-3,3,True,True,True,14.677679061889648,-42.846220938110349,42.846220938110349,2.5496395490286767,ok,,B2_2022_coarse_30
ERK_2022_E02,2022,B2_2022_coarse_30,1,30,2022_segment_1,2022-09-26,9.1590399999999992,16.804815000000001,missed_no_peak_within_15d,,15,False,,,,,False,False,False,,,,,unavailable,no_matched_reconstruction_event,B2_2022_coarse_30
ERK_2022_E01,2022,B2_2022_coarse_10,1,10,2022_segment_1,2022-08-07,57.523899999999998,16.804815000000001,matched,,15,False,REC_2022_P001,2022-08-02,-5,5,True,True,True,17.117193222045898,-40.406706777954099,40.406706777954099,2.4044719788914128,ok,,B2_2022_coarse_10
ERK_2022_E02,2022,B2_2022_coarse_10,1,10,2022_segment_1,2022-09-26,9.1590399999999992,16.804815000000001,matched,,15,False,REC_2022_P002,2022-10-07,11,11,False,False,True,4.9221587181091309,-4.2368812818908683,4.2368812818908683,0.2521230541300733,ok,,B2_2022_coarse_10
ERK_2022_E01,2022,B2_2022_coarse_3,1,3,2022_segment_1,2022-08-07,57.523899999999998,16.804815000000001,matched,,15,False,REC_2022_P001,2022-08-03,-4,4,True,True,True,17.481918334960938,-40.04198166503906,40.04198166503906,2.3827683711507124,ok,,B2_2022_coarse_3
ERK_2022_E02,2022,B2_2022_coarse_3,1,3,2022_segment_1,2022-09-26,9.1590399999999992,16.804815000000001,matched,,15,False,REC_2022_P002,2022-10-08,12,12,False,False,True,4.8302707672119141,-4.3287692327880851,4.3287692327880851,0.25759100786221595,ok,,B2_2022_coarse_3
ERK_2022_E01,2022,B2_2022_coarse_1,1,1,2022_segment_1,2022-08-07,57.523899999999998,16.804815000000001,matched,,15,False,REC_2022_P001,2022-08-04,-3,3,True,True,True,17.242204666137695,-40.281695333862302,40.281695333862302,2.3970329535827855,ok,,B2_2022_coarse_1
ERK_2022_E02,2022,B2_2022_coarse_1,1,1,2022_segment_1,2022-09-26,9.1590399999999992,16.804815000000001,matched,,15,False,REC_2022_P002,2022-10-09,13,13,False,False,True,5.0337300300598145,-4.1253099699401847,4.1253099699401847,0.24548380746471676,ok,,B2_2022_coarse_1
ERK_2022_E01,2022,B2_2022_coarse_0,1,0,2022_segment_1,2022-08-07,57.523899999999998,16.804815000000001,matched,,15,False,REC_2022_P001,2022-08-03,-4,4,True,True,True,17.007301330566406,-40.516598669433591,40.516598669433591,2.4110112886951502,ok,,B2_2022_coarse_0
ERK_2022_E02,2022,B2_2022_coarse_0,1,0,2022_segment_1,2022-09-26,9.1590399999999992,16.804815000000001,matched,,15,False,REC_2022_P002,2022-10-08,12,12,False,False,True,4.4122390747070312,-4.7468009252929679,4.7468009252929679,0.28246671714582799,ok,,B2_2022_coarse_0
ERK_2023_E01,2023,B2_2023_coarse_1000,1,1000,2023_segment_1,2023-04-23,15.9877,10.662149899999999,missed_no_peak_within_15d,,15,False,,,,,False,False,False,,,,,unavailable,no_matched_reconstruction_event,B2_2023_coarse_1000
ERK_2023_E02,2023,B2_2023_coarse_1000,1,1000,2023_segment_1,2023-07-31,15.726699999999999,10.662149899999999,matched,,15,False,REC_2023_P001,2023-08-06,6,6,False,True,True,8.849614143371582,-6.8770858566284172,6.8770858566284172,0.64499992226037051,ok,,B2_2023_coarse_1000
ERK_2023_E03,2023,B2_2023_coarse_1000,1,1000,2023_segment_1,2023-09-01,10.2285,10.662149899999999,missed_no_peak_within_15d,,15,False,,,,,False,False,False,,,,,unavailable,no_matched_reconstruction_event,B2_2023_coarse_1000
ERK_2023_E01,2023,B2_2023_coarse_300,1,300,2023_segment_1,2023-04-23,15.9877,10.662149899999999,missed_no_peak_within_15d,,15,False,,,,,False,False,False,,,,,unavailable,no_matched_reconstruction_event,B2_2023_coarse_300
ERK_2023_E02,2023,B2_2023_coarse_300,1,300,2023_segment_1,2023-07-31,15.726699999999999,10.662149899999999,matched,,15,False,REC_2023_P001,2023-07-29,-2,2,True,True,True,9.4992952346801758,-6.2274047653198235,6.2274047653198235,0.58406651789052633,ok,,B2_2023_coarse_300
ERK_2023_E03,2023,B2_2023_coarse_300,1,300,2023_segment_1,2023-09-01,10.2285,10.662149899999999,missed_no_peak_within_15d,,15,False,,,,,False,False,False,,,,,unavailable,no_matched_reconstruction_event,B2_2023_coarse_300
ERK_2023_E01,2023,B2_2023_coarse_100,1,100,2023_segment_1,2023-04-23,15.9877,10.662149899999999,missed_no_peak_within_15d,,15,False,,,,,False,False,False,,,,,unavailable,no_matched_reconstruction_event,B2_2023_coarse_100
ERK_2023_E02,2023,B2_2023_coarse_100,1,100,2023_segment_1,2023-07-31,15.726699999999999,10.662149899999999,matched,,15,False,REC_2023_P001,2023-07-29,-2,2,True,True,True,9.5722646713256836,-6.1544353286743156,6.1544353286743156,0.57722273522662781,ok,,B2_2023_coarse_100
ERK_2023_E03,2023,B2_2023_coarse_100,1,100,2023_segment_1,2023-09-01,10.2285,10.662149899999999,missed_no_peak_within_15d,,15,False,,,,,False,False,False,,,,,unavailable,no_matched_reconstruction_event,B2_2023_coarse_100
ERK_2023_E01,2023,B2_2023_coarse_30,1,30,2023_segment_1,2023-04-23,15.9877,10.662149899999999,missed_no_peak_within_15d,,15,False,,,,,False,False,False,,,,,unavailable,no_matched_reconstruction_event,B2_2023_coarse_30
ERK_2023_E02,2023,B2_2023_coarse_30,1,30,2023_segment_1,2023-07-31,15.726699999999999,10.662149899999999,matched,,15,False,REC_2023_P001,2023-07-29,-2,2,True,True,True,9.5968589782714844,-6.1298410217285149,6.1298410217285149,0.57491604218850034,ok,,B2_2023_coarse_30
ERK_2023_E03,2023,B2_2023_coarse_30,1,30,2023_segment_1,2023-09-01,10.2285,10.662149899999999,missed_no_peak_within_15d,,15,False,,,,,False,False,False,,,,,unavailable,no_matched_reconstruction_event,B2_2023_coarse_30
ERK_2023_E01,2023,B2_2023_coarse_10,1,10,2023_segment_1,2023-04-23,15.9877,10.662149899999999,missed_no_peak_within_15d,,15,False,,,,,False,False,False,,,,,unavailable,no_matched_reconstruction_event,B2_2023_coarse_10
ERK_2023_E02,2023,B2_2023_coarse_10,1,10,2023_segment_1,2023-07-31,15.726699999999999,10.662149899999999,matched,,15,False,REC_2023_P001,2023-07-29,-2,2,True,True,True,9.557708740234375,-6.1689912597656242,6.1689912597656242,0.57858793185468393,ok,,B2_2023_coarse_10
ERK_2023_E03,2023,B2_2023_coarse_10,1,10,2023_segment_1,2023-09-01,10.2285,10.662149899999999,missed_no_peak_within_15d,,15,False,,,,,False,False,False,,,,,unavailable,no_matched_reconstruction_event,B2_2023_coarse_10
ERK_2023_E01,2023,B2_2023_coarse_3,1,3,2023_segment_1,2023-04-23,15.9877,10.662149899999999,missed_no_peak_within_15d,,15,False,,,,,False,False,False,,,,,unavailable,no_matched_reconstruction_event,B2_2023_coarse_3
ERK_2023_E02,2023,B2_2023_coarse_3,1,3,2023_segment_1,2023-07-31,15.726699999999999,10.662149899999999,matched,,15,False,REC_2023_P001,2023-07-28,-3,3,True,True,True,10.004487991333008,-5.7222120086669914,5.7222120086669914,0.53668463324333793,ok,,B2_2023_coarse_3
ERK_2023_E03,2023,B2_2023_coarse_3,1,3,2023_segment_1,2023-09-01,10.2285,10.662149899999999,missed_no_peak_within_15d,,15,False,,,,,False,False,False,,,,,unavailable,no_matched_reconstruction_event,B2_2023_coarse_3
ERK_2023_E01,2023,B2_2023_coarse_1,1,1,2023_segment_1,2023-04-23,15.9877,10.662149899999999,missed_no_peak_within_15d,,15,False,,,,,False,False,False,,,,,unavailable,no_matched_reconstruction_event,B2_2023_coarse_1
ERK_2023_E02,2023,B2_2023_coarse_1,1,1,2023_segment_1,2023-07-31,15.726699999999999,10.662149899999999,matched,,15,False,REC_2023_P001,2023-07-28,-3,3,True,True,True,10.026676177978516,-5.7000238220214836,5.7000238220214836,0.53460360954233854,ok,,B2_2023_coarse_1
ERK_2023_E03,2023,B2_2023_coarse_1,1,1,2023_segment_1,2023-09-01,10.2285,10.662149899999999,missed_no_peak_within_15d,,15,False,,,,,False,False,False,,,,,unavailable,no_matched_reconstruction_event,B2_2023_coarse_1
ERK_2023_E01,2023,B2_2023_coarse_0,1,0,2023_segment_1,2023-04-23,15.9877,10.662149899999999,missed_no_peak_within_15d,,15,False,,,,,False,False,False,,,,,unavailable,no_matched_reconstruction_event,B2_2023_coarse_0
ERK_2023_E02,2023,B2_2023_coarse_0,1,0,2023_segment_1,2023-07-31,15.726699999999999,10.662149899999999,matched,,15,False,REC_2023_P001,2023-07-28,-3,3,True,True,True,10.87934398651123,-4.8473560134887688,4.8473560134887688,0.45463213882303127,ok,,B2_2023_coarse_0
ERK_2023_E03,2023,B2_2023_coarse_0,1,0,2023_segment_1,2023-09-01,10.2285,10.662149899999999,missed_no_peak_within_15d,,15,False,,,,,False,False,False,,,,,unavailable,no_matched_reconstruction_event,B2_2023_coarse_0
ERK_2024_E01,2024,B2_2024_coarse_1000,1,1000,2024_segment_1,2024-07-19,14.2628,16.317387499999999,missed_no_peak_within_15d,,15,False,,,,,False,False,False,,,,,unavailable,no_matched_reconstruction_event,B2_2024_coarse_1000
ERK_2024_E02,2024,B2_2024_coarse_1000,1,1000,2024_segment_1,2024-08-31,35.773899999999998,16.317387499999999,matched,,15,False,REC_2024_P001,2024-08-31,0,0,True,True,True,17.282094955444336,-18.491805044555662,18.491805044555662,1.1332577009987452,ok,,B2_2024_coarse_1000
ERK_2024_E01,2024,B2_2024_coarse_300,1,300,2024_segment_1,2024-07-19,14.2628,16.317387499999999,missed_no_peak_within_15d,,15,False,,,,,False,False,False,,,,,unavailable,no_matched_reconstruction_event,B2_2024_coarse_300
ERK_2024_E02,2024,B2_2024_coarse_300,1,300,2024_segment_1,2024-08-31,35.773899999999998,16.317387499999999,matched,,15,False,REC_2024_P001,2024-08-31,0,0,True,True,True,17.348176956176758,-18.42572304382324,18.42572304382324,1.1292079105079316,ok,,B2_2024_coarse_300
ERK_2024_E01,2024,B2_2024_coarse_100,1,100,2024_segment_1,2024-07-19,14.2628,16.317387499999999,missed_no_peak_within_15d,,15,False,,,,,False,False,False,,,,,unavailable,no_matched_reconstruction_event,B2_2024_coarse_100
ERK_2024_E02,2024,B2_2024_coarse_100,1,100,2024_segment_1,2024-08-31,35.773899999999998,16.317387499999999,matched,,15,False,REC_2024_P001,2024-09-02,2,2,True,True,True,18.286588668823242,-17.487311331176755,17.487311331176755,1.0716979866523828,ok,,B2_2024_coarse_100
ERK_2024_E01,2024,B2_2024_coarse_30,1,30,2024_segment_1,2024-07-19,14.2628,16.317387499999999,missed_no_peak_within_15d,,15,False,,,,,False,False,False,,,,,unavailable,no_matched_reconstruction_event,B2_2024_coarse_30
ERK_2024_E02,2024,B2_2024_coarse_30,1,30,2024_segment_1,2024-08-31,35.773899999999998,16.317387499999999,matched,,15,False,REC_2024_P001,2024-08-21,-10,10,False,True,True,17.156644821166992,-18.617255178833005,18.617255178833005,1.1409458271940289,ok,,B2_2024_coarse_30
ERK_2024_E01,2024,B2_2024_coarse_10,1,10,2024_segment_1,2024-07-19,14.2628,16.317387499999999,missed_no_peak_within_15d,,15,False,,,,,False,False,False,,,,,unavailable,no_matched_reconstruction_event,B2_2024_coarse_10
ERK_2024_E02,2024,B2_2024_coarse_10,1,10,2024_segment_1,2024-08-31,35.773899999999998,16.317387499999999,matched,,15,False,REC_2024_P001,2024-08-22,-9,9,False,True,True,17.118227005004883,-18.655672994995115,18.655672994995115,1.1433002369402037,ok,,B2_2024_coarse_10
ERK_2024_E01,2024,B2_2024_coarse_3,1,3,2024_segment_1,2024-07-19,14.2628,16.317387499999999,missed_no_peak_within_15d,,15,False,,,,,False,False,False,,,,,unavailable,no_matched_reconstruction_event,B2_2024_coarse_3
ERK_2024_E02,2024,B2_2024_coarse_3,1,3,2024_segment_1,2024-08-31,35.773899999999998,16.317387499999999,matched,,15,False,REC_2024_P002,2024-08-23,-8,8,False,True,True,17.174005508422852,-18.599894491577146,18.599894491577146,1.1398818892777502,ok,,B2_2024_coarse_3
ERK_2024_E01,2024,B2_2024_coarse_1,1,1,2024_segment_1,2024-07-19,14.2628,16.317387499999999,missed_no_peak_within_15d,,15,False,,,,,False,False,False,,,,,unavailable,no_matched_reconstruction_event,B2_2024_coarse_1
ERK_2024_E02,2024,B2_2024_coarse_1,1,1,2024_segment_1,2024-08-31,35.773899999999998,16.317387499999999,matched,,15,False,REC_2024_P002,2024-08-23,-8,8,False,True,True,17.171621322631836,-18.602278677368162,18.602278677368162,1.140028002483128,ok,,B2_2024_coarse_1
ERK_2024_E01,2024,B2_2024_coarse_0,1,0,2024_segment_1,2024-07-19,14.2628,16.317387499999999,missed_no_peak_within_15d,,15,False,,,,,False,False,False,,,,,unavailable,no_matched_reconstruction_event,B2_2024_coarse_0
ERK_2024_E02,2024,B2_2024_coarse_0,1,0,2024_segment_1,2024-08-31,35.773899999999998,16.317387499999999,matched,,15,False,REC_2024_P003,2024-08-21,-10,10,False,True,True,17.495813369750977,-18.278086630249021,18.278086630249021,1.1201601132686849,ok,,B2_2024_coarse_0
ERK_2025_E01,2025,B2_2025_coarse_1000,1,1000,2025_segment_1,2025-03-30,40.746499999999997,29.979275000000001,missed_no_peak_within_15d,,15,False,,,,,False,False,False,,,,,unavailable,no_matched_reconstruction_event,B2_2025_coarse_1000
ERK_2025_E02,2025,B2_2025_coarse_1000,1,1000,2025_segment_1,2025-07-14,27.281199999999998,29.979275000000001,missed_no_peak_within_15d,,15,False,,,,,False,False,False,,,,,unavailable,no_matched_reconstruction_event,B2_2025_coarse_1000
ERK_2025_E03,2025,B2_2025_coarse_1000,1,1000,2025_segment_1,2025-08-28,37.697400000000002,29.979275000000001,matched,,15,False,REC_2025_P001,2025-08-14,-14,14,False,False,True,28.130449295043945,-9.5669507049560565,9.5669507049560565,0.31911881474638915,ok,,B2_2025_coarse_1000
ERK_2025_E04,2025,B2_2025_coarse_1000,1,1000,2025_segment_1,2025-10-14,83.4709,29.979275000000001,missed_no_peak_within_15d,,15,False,,,,,False,False,False,,,,,unavailable,no_matched_reconstruction_event,B2_2025_coarse_1000
ERK_2025_E01,2025,B2_2025_coarse_300,1,300,2025_segment_1,2025-03-30,40.746499999999997,29.979275000000001,missed_no_peak_within_15d,,15,False,,,,,False,False,False,,,,,unavailable,no_matched_reconstruction_event,B2_2025_coarse_300
ERK_2025_E02,2025,B2_2025_coarse_300,1,300,2025_segment_1,2025-07-14,27.281199999999998,29.979275000000001,missed_no_peak_within_15d,,15,False,,,,,False,False,False,,,,,unavailable,no_matched_reconstruction_event,B2_2025_coarse_300
ERK_2025_E03,2025,B2_2025_coarse_300,1,300,2025_segment_1,2025-08-28,37.697400000000002,29.979275000000001,matched,,15,False,REC_2025_P001,2025-08-14,-14,14,False,False,True,28.168676376342773,-9.5287236236572284,9.5287236236572284,0.3178436978098112,ok,,B2_2025_coarse_300
ERK_2025_E04,2025,B2_2025_coarse_300,1,300,2025_segment_1,2025-10-14,83.4709,29.979275000000001,missed_no_peak_within_15d,,15,False,,,,,False,False,False,,,,,unavailable,no_matched_reconstruction_event,B2_2025_coarse_300
ERK_2025_E01,2025,B2_2025_coarse_100,1,100,2025_segment_1,2025-03-30,40.746499999999997,29.979275000000001,missed_no_peak_within_15d,,15,False,,,,,False,False,False,,,,,unavailable,no_matched_reconstruction_event,B2_2025_coarse_100
ERK_2025_E02,2025,B2_2025_coarse_100,1,100,2025_segment_1,2025-07-14,27.281199999999998,29.979275000000001,missed_no_peak_within_15d,,15,False,,,,,False,False,False,,,,,unavailable,no_matched_reconstruction_event,B2_2025_coarse_100
ERK_2025_E03,2025,B2_2025_coarse_100,1,100,2025_segment_1,2025-08-28,37.697400000000002,29.979275000000001,matched,,15,False,REC_2025_P002,2025-08-17,-11,11,False,False,True,31.015535354614258,-6.681864645385744,6.681864645385744,0.22288279637802261,ok,,B2_2025_coarse_100
ERK_2025_E04,2025,B2_2025_coarse_100,1,100,2025_segment_1,2025-10-14,83.4709,29.979275000000001,matched,,15,False,REC_2025_P003,2025-10-20,6,6,False,True,True,14.586952209472656,-68.883947790527344,68.883947790527344,2.2977189338477113,ok,,B2_2025_coarse_100
ERK_2025_E01,2025,B2_2025_coarse_30,1,30,2025_segment_1,2025-03-30,40.746499999999997,29.979275000000001,missed_no_peak_within_15d,,15,False,,,,,False,False,False,,,,,unavailable,no_matched_reconstruction_event,B2_2025_coarse_30
ERK_2025_E02,2025,B2_2025_coarse_30,1,30,2025_segment_1,2025-07-14,27.281199999999998,29.979275000000001,missed_no_peak_within_15d,,15,False,,,,,False,False,False,,,,,unavailable,no_matched_reconstruction_event,B2_2025_coarse_30
ERK_2025_E03,2025,B2_2025_coarse_30,1,30,2025_segment_1,2025-08-28,37.697400000000002,29.979275000000001,matched,,15,False,REC_2025_P003,2025-08-15,-13,13,False,False,True,31.010034561157227,-6.6873654388427752,6.6873654388427752,0.22306628291854205,ok,,B2_2025_coarse_30
ERK_2025_E04,2025,B2_2025_coarse_30,1,30,2025_segment_1,2025-10-14,83.4709,29.979275000000001,matched,,15,False,REC_2025_P004,2025-10-22,8,8,False,True,True,14.641657829284668,-68.829242170715332,68.829242170715332,2.2958941525675765,ok,,B2_2025_coarse_30
ERK_2025_E01,2025,B2_2025_coarse_10,1,10,2025_segment_1,2025-03-30,40.746499999999997,29.979275000000001,missed_no_peak_within_15d,,15,False,,,,,False,False,False,,,,,unavailable,no_matched_reconstruction_event,B2_2025_coarse_10
ERK_2025_E02,2025,B2_2025_coarse_10,1,10,2025_segment_1,2025-07-14,27.281199999999998,29.979275000000001,missed_no_peak_within_15d,,15,False,,,,,False,False,False,,,,,unavailable,no_matched_reconstruction_event,B2_2025_coarse_10
ERK_2025_E03,2025,B2_2025_coarse_10,1,10,2025_segment_1,2025-08-28,37.697400000000002,29.979275000000001,matched,,15,False,REC_2025_P003,2025-08-15,-13,13,False,False,True,31.097257614135742,-6.6001423858642596,6.6001423858642596,0.22015683787764245,ok,,B2_2025_coarse_10
ERK_2025_E04,2025,B2_2025_coarse_10,1,10,2025_segment_1,2025-10-14,83.4709,29.979275000000001,matched,,15,False,REC_2025_P004,2025-10-20,6,6,False,True,True,13.885102272033691,-69.585797727966309,69.585797727966309,2.3211301049797335,ok,,B2_2025_coarse_10
ERK_2025_E01,2025,B2_2025_coarse_3,1,3,2025_segment_1,2025-03-30,40.746499999999997,29.979275000000001,missed_no_peak_within_15d,,15,False,,,,,False,False,False,,,,,unavailable,no_matched_reconstruction_event,B2_2025_coarse_3
ERK_2025_E02,2025,B2_2025_coarse_3,1,3,2025_segment_1,2025-07-14,27.281199999999998,29.979275000000001,matched,,15,False,REC_2025_P002,2025-07-04,-10,10,False,True,True,4.8089370727539062,-22.472262927246092,22.472262927246092,0.74959327492896644,ok,,B2_2025_coarse_3
ERK_2025_E03,2025,B2_2025_coarse_3,1,3,2025_segment_1,2025-08-28,37.697400000000002,29.979275000000001,matched,,15,False,REC_2025_P003,2025-08-16,-12,12,False,False,True,30.452993392944336,-7.2444066070556659,7.2444066070556659,0.24164715814694204,ok,,B2_2025_coarse_3
ERK_2025_E04,2025,B2_2025_coarse_3,1,3,2025_segment_1,2025-10-14,83.4709,29.979275000000001,missed_no_peak_within_15d,,15,False,,,,,False,False,False,,,,,unavailable,no_matched_reconstruction_event,B2_2025_coarse_3
ERK_2025_E01,2025,B2_2025_coarse_1,1,1,2025_segment_1,2025-03-30,40.746499999999997,29.979275000000001,missed_no_peak_within_15d,,15,False,,,,,False,False,False,,,,,unavailable,no_matched_reconstruction_event,B2_2025_coarse_1
ERK_2025_E02,2025,B2_2025_coarse_1,1,1,2025_segment_1,2025-07-14,27.281199999999998,29.979275000000001,missed_no_peak_within_15d,,15,False,,,,,False,False,False,,,,,unavailable,no_matched_reconstruction_event,B2_2025_coarse_1
ERK_2025_E03,2025,B2_2025_coarse_1,1,1,2025_segment_1,2025-08-28,37.697400000000002,29.979275000000001,matched,,15,False,REC_2025_P003,2025-08-15,-13,13,False,False,True,28.298702239990234,-9.3986977600097674,9.3986977600097674,0.31350650607827463,ok,,B2_2025_coarse_1
ERK_2025_E04,2025,B2_2025_coarse_1,1,1,2025_segment_1,2025-10-14,83.4709,29.979275000000001,missed_no_peak_within_15d,,15,False,,,,,False,False,False,,,,,unavailable,no_matched_reconstruction_event,B2_2025_coarse_1
ERK_2025_E01,2025,B2_2025_coarse_0,1,0,2025_segment_1,2025-03-30,40.746499999999997,29.979275000000001,missed_no_peak_within_15d,,15,False,,,,,False,False,False,,,,,unavailable,no_matched_reconstruction_event,B2_2025_coarse_0
ERK_2025_E02,2025,B2_2025_coarse_0,1,0,2025_segment_1,2025-07-14,27.281199999999998,29.979275000000001,missed_no_peak_within_15d,,15,False,,,,,False,False,False,,,,,unavailable,no_matched_reconstruction_event,B2_2025_coarse_0
ERK_2025_E03,2025,B2_2025_coarse_0,1,0,2025_segment_1,2025-08-28,37.697400000000002,29.979275000000001,missed_no_peak_within_15d,,15,False,,,,,False,False,False,,,,,unavailable,no_matched_reconstruction_event,B2_2025_coarse_0
ERK_2025_E04,2025,B2_2025_coarse_0,1,0,2025_segment_1,2025-10-14,83.4709,29.979275000000001,missed_no_peak_within_15d,,15,False,,,,,False,False,False,,,,,unavailable,no_matched_reconstruction_event,B2_2025_coarse_0
