year,method,deletion_fraction,n_scenarios,n_reconstruction_failures,fraction_reconstruction_failures,mean_mae,mean_rmse,mean_nrmse,median_nrmse,mean_absolute_global_peak_timing_error_days,median_absolute_global_peak_timing_error_days,mean_normalized_absolute_global_peak_magnitude_error,mean_absolute_integral_error,mean_pearson_correlation,fraction_scenarios_with_negative_values,mean_matched_event_absolute_timing_error_days,mean_matched_event_normalized_absolute_magnitude_error,global_peak_success_fraction_5d,mean_event_recovery_fraction_5d,global_peak_success_fraction_10d,mean_event_recovery_fraction_10d,global_peak_success_fraction_15d,mean_event_recovery_fraction_15d
2019,linear_interpolation,0.10000000000000001,100,0,0,3.2224382482767986,7.44044053643068,0.26050550678943191,0.26100634858800176,1.24,1,1.118165864119131,378.10058487000003,0.81586518501307348,0,3.8050000000000002,0.69670709724837077,1,0.5,1,0.94499999999999995,1,0.94499999999999995
2019,linear_interpolation,0.20000000000000001,100,0,0,3.2383269145163962,7.3750752994615461,0.25821693206059948,0.25804229707620263,2.0800000000000001,1,1.1410068179777944,379.85307331999996,0.81867690172176155,0,3.7450000000000001,0.74311297132774523,0.96999999999999997,0.48499999999999999,0.96999999999999997,0.875,0.96999999999999997,0.875
2019,linear_interpolation,0.29999999999999988,100,0,0,3.2618408475501992,7.2942408242535155,0.25538674669361489,0.25683986040317425,2.5800000000000001,1,1.1583091014534659,364.06728146999995,0.81957808554588207,0,3.5154639175257731,0.82957713333332206,0.94999999999999996,0.47499999999999998,0.95999999999999996,0.79000000000000004,0.95999999999999996,0.79000000000000004
2019,linear_interpolation,0.5,100,0,0,3.4054292114377329,7.3375826453747841,0.25690423521073824,0.25550398900018789,4.4800000000000004,1,1.2270111199855145,374.39396617999989,0.82171849006448039,0,3.2415730337078652,0.92005352909120619,0.81999999999999995,0.40999999999999998,0.84999999999999998,0.65000000000000002,0.84999999999999998,0.65000000000000002
2019,timesat_double_logistic_cv_seapar,0.10000000000000001,100,0,0,3.6425344048148367,7.3683609785620066,0.25798184953287595,0.25736374659755873,5.2699999999999996,5,1.1999085322178555,469.6041604979028,0.82378374033501001,0,5.2699999999999996,1.1999085322178555,0.68000000000000005,0.34000000000000002,1,0.5,1,0.5
2019,timesat_double_logistic_cv_seapar,0.20000000000000001,100,0,0,3.6438739441516139,7.32956346868919,0.25662346693145605,0.2558513242677668,5.3499999999999996,5,1.208550716586356,480.59058992993727,0.82347109983926969,0,5.3499999999999996,1.208550716586356,0.56999999999999995,0.28499999999999998,1,0.5,1,0.5
2019,timesat_double_logistic_cv_seapar,0.29999999999999988,100,0,0,3.645894267902591,7.282154549483483,0.25496358073741271,0.25446597436570156,5.46,5.5,1.2078125726037525,476.77771835458179,0.82149350547999445,0,5.46,1.2078125726037525,0.5,0.25,1,0.5,1,0.5
2019,timesat_double_logistic_cv_seapar,0.5,100,0,0,3.6882187325935174,7.3197910408942617,0.25628131363518059,0.25247853357638628,5.2000000000000002,5,1.2529488284819756,479.39593605053329,0.81701764329727367,0,5.2000000000000002,1.2529488284819756,0.55000000000000004,0.27500000000000002,0.98999999999999999,0.495,1,0.5
2019,timesat_double_logistic_default_seapar1,0.10000000000000001,100,0,0,4.2279989994838454,7.790398461210307,0.2727582714077792,0.2714564876234592,4.54,4.5,1.3912972654192297,528.09752473038327,0.79391492550543885,0,4.54,1.3912972654192297,0.76000000000000001,0.38,1,0.5,1,0.5
2019,timesat_double_logistic_default_seapar1,0.20000000000000001,100,0,0,4.2266810503213055,7.8693834602458956,0.27552370271547955,0.27356019536997372,4.5949999999999998,5,1.4191998314593675,493.39063854229346,0.78037268593194076,0,4.5949999999999998,1.4191998314593675,0.65000000000000002,0.32500000000000001,1,0.5,1,0.5
2019,timesat_double_logistic_default_seapar1,0.29999999999999988,100,0,0,4.2273689474131615,7.915353720729609,0.27713321843513578,0.27513198966233732,4.8550000000000004,5,1.4328967379806059,449.47538822275311,0.76822924551503458,0,4.8550000000000004,1.4328967379806059,0.58999999999999997,0.29499999999999998,1,0.5,1,0.5
2019,timesat_double_logistic_default_seapar1,0.5,100,0,0,4.3419231410519021,8.1258948981307473,0.28450470885299201,0.28302922210232073,4.3499999999999996,4,1.4861103755254386,392.04316531231075,0.74091620156384186,0,4.3499999999999996,1.4861103755254386,0.67000000000000004,0.33500000000000002,0.97999999999999998,0.48999999999999999,1,0.5
2019,timesat_smoothing_spline,0.10000000000000001,100,0,0,3.2460165883444314,7.4319113966356563,0.26020688362674393,0.26012665269844598,8.3000000000000007,9,1.1345151272936298,366.82934341323283,0.80357170192329008,0,7.2300000000000004,0.65932127507713589,0.11,0.155,1,1,1,1
2019,timesat_smoothing_spline,0.20000000000000001,100,0,0,3.250343269696832,7.3813855081739428,0.25843786576882832,0.25812656687809155,7.7000000000000002,8,1.1353373296383564,377.41236306135266,0.80517002113384717,0,6.9500000000000002,0.68270110775719894,0.22,0.25,0.96999999999999997,0.95999999999999996,1,0.97999999999999998
2019,timesat_smoothing_spline,0.29999999999999988,100,0,0,3.2666907476856117,7.3044871405348912,0.25574549182470407,0.25642100779649413,7.21,8,1.1371253066220235,377.62510241767114,0.8068153882479886,0,6.7249999999999996,0.72942115507224514,0.26000000000000001,0.28000000000000003,0.97999999999999998,0.92000000000000004,1,0.93500000000000005
2019,timesat_smoothing_spline,0.5,100,0,0,3.4383340886308971,7.3461709861087972,0.25720493112308895,0.25457062541237585,6.04,6,1.1892487962349321,418.02700278727059,0.80739306112923392,0,6.7000000000000002,0.83906856817697562,0.41999999999999998,0.28000000000000003,0.90000000000000002,0.745,1,0.84999999999999998
2020,linear_interpolation,0.10000000000000001,100,0,0,1.6888904136339224,3.4334360483937969,0.16309729641037218,0.15314283865564984,41.259999999999998,31,0.22286887573920655,107.27873176749979,0.9024831978138359,0,0.66000000000000003,0.1099491251413976,0.02,0.95333333333333325,0.02,0.95333333333333325,0.02,0.95333333333333325
2020,linear_interpolation,0.20000000000000001,100,0,0,1.9188748528778317,3.8794807268981031,0.18428559877479761,0.167491354270867,44.590000000000003,31,0.23865039473036057,109.78363075518533,0.87038224409052944,0,1.03,0.19860134159822374,0.029999999999999999,0.87,0.029999999999999999,0.8866666666666666,0.029999999999999999,0.8866666666666666
2020,linear_interpolation,0.29999999999999988,100,0,0,2.1467646174201196,4.4653273758943506,0.21211486462265394,0.20235636281847169,55.869999999999997,31,0.31342635206424424,149.04345821514701,0.82338584625228695,0,1.7849999999999999,0.35358393924145604,0.10000000000000001,0.81333333333333346,0.10000000000000001,0.85666666666666669,0.10000000000000001,0.85666666666666669
2020,linear_interpolation,0.5,100,0,0,2.768126623078548,5.4096763043119029,0.25697393726068596,0.25543092986474347,58.770000000000003,31,0.40433506295216892,268.84735614863939,0.7426765509843779,0,2.5249999999999999,0.56591508693055448,0.17000000000000001,0.68000000000000005,0.17000000000000001,0.80000000000000016,0.17000000000000001,0.81666666666666676
2020,timesat_double_logistic_cv_seapar,0.10000000000000001,100,0,0,2.8882943082051447,5.1282261323243095,0.24360430943642949,0.23783978301387187,124.53,150,1.1590040880168273,70.193973544470666,0.70805711066263166,0,2.3700000000000001,1.1613312948026413,0.14999999999999999,0.62666666666666659,0.16,0.75666666666666671,0.16,0.75666666666666671
2020,timesat_double_logistic_cv_seapar,0.20000000000000001,100,0,0,3.1146568298346704,5.4167322970141889,0.25730911558263914,0.24605579995016735,102.53,150,1.1274525828521995,144.0560468232824,0.68270045185578609,0,3.27,1.1225182610322819,0.16,0.54666666666666652,0.20000000000000001,0.68000000000000016,0.25,0.70000000000000018
2020,timesat_double_logistic_cv_seapar,0.29999999999999988,100,0,0,3.2029615041969639,5.6901910495114398,0.27029912983757748,0.26676263952942575,84.150000000000006,144,1.0976345516944053,174.91257119533995,0.65980290467263158,0,3.415,1.0647049897421381,0.22,0.50333333333333341,0.28000000000000003,0.64000000000000001,0.29999999999999999,0.66000000000000003
2020,timesat_double_logistic_cv_seapar,0.5,100,0,0,3.9866259923077774,6.9753606255230389,0.33134808497230706,0.29274992115446696,84.900000000000006,43.5,0.9872557892240823,401.30801222355132,0.57810643418598606,0,5.1349999999999998,0.93074390478806901,0.059999999999999998,0.34666666666666662,0.14000000000000001,0.52666666666666662,0.19,0.58666666666666656
2020,timesat_double_logistic_default_seapar1,0.10000000000000001,100,0,0,3.0760109354637568,5.4516283831761143,0.25896677200264906,0.25513810925465236,139.49000000000001,151,1.2801694787751507,63.748230865645859,0.65804973272173328,0,10.484999999999999,1.3334523513072853,0.02,0.043333333333333328,0.029999999999999999,0.13999999999999999,0.089999999999999997,0.34333333333333343
2020,timesat_double_logistic_default_seapar1,0.20000000000000001,100,0,0,3.2173049685910207,5.576484791353213,0.26489778173347567,0.25950640034065697,117.61,151,1.2694472044348546,122.29505090809641,0.64630010213814981,0,10.01,1.2457111336498394,0.02,0.080000000000000002,0.080000000000000002,0.16333333333333333,0.14999999999999999,0.36333333333333345
2020,timesat_double_logistic_default_seapar1,0.29999999999999988,100,0,0,3.2831396572881273,5.7416221546670521,0.27274224340778713,0.26573001135334756,93.870000000000005,151,1.26070843836478,131.89770092133557,0.63281401205102927,0,8.5649999999999995,1.1945975018259789,0.059999999999999998,0.14333333333333334,0.14999999999999999,0.22333333333333333,0.27000000000000002,0.39333333333333342
2020,timesat_double_logistic_default_seapar1,0.5,100,0,0,3.7989003535061436,6.3380640077511767,0.30107480948238208,0.29055884734183446,87.209999999999994,146,1.2081976302145159,293.91364534326624,0.58155502492635947,0,6.1855670103092786,1.1010961119961549,0.080000000000000002,0.22333333333333333,0.16,0.32666666666666672,0.25,0.41333333333333344
2020,timesat_smoothing_spline,0.10000000000000001,100,0,0,2.253418378245267,4.2496246161742688,0.20186841283420162,0.19680789084752487,115.92,151,0.98165689702261372,129.03500801740435,0.82043160794472014,0,2.1749999999999998,1.0383501722124064,0.17999999999999999,0.66000000000000014,0.17999999999999999,0.67000000000000026,0.17999999999999999,0.67000000000000026
2020,timesat_smoothing_spline,0.20000000000000001,100,0,0,2.5648291756066568,4.6578905831789115,0.22126212644828613,0.20812508876546904,88.760000000000005,151,0.94776373733337937,142.63787965612812,0.78537921886612339,0,2.4700000000000002,1.0143696397108608,0.23000000000000001,0.6399999999999999,0.27000000000000002,0.67333333333333356,0.27000000000000002,0.67333333333333356
2020,timesat_smoothing_spline,0.29999999999999988,100,0,0,2.7129967857064603,5.0488972556068816,0.23983597790570624,0.2220771017187359,69.400000000000006,32,0.91903434033712228,182.40756778476941,0.754264597564275,0,3.1099999999999999,1.0307199280288259,0.27000000000000002,0.60333333333333328,0.32000000000000001,0.69666666666666688,0.32000000000000001,0.7133333333333336
2020,timesat_smoothing_spline,0.5,100,0,0,3.4424525249666829,6.205591328363977,0.29478200671810811,0.27216354550647015,63.5,32,0.86875975680642303,328.95022696646811,0.66200924760073865,0,3.8700000000000001,0.9788840164295175,0.16,0.52333333333333343,0.23000000000000001,0.65000000000000002,0.27000000000000002,0.70999999999999996
2021,linear_interpolation,0.10000000000000001,100,0,0,1.2048649044413808,2.2434309098894722,0.1012547174998667,0.098926002793157192,0.5,0,0.039460541940422401,99.31794708000001,0.95903938845584424,0,0.36499999999999999,0.030350067317166093,1,1,1,1,1,1
2021,linear_interpolation,0.20000000000000001,100,0,0,1.4075788535031413,2.6887525328930684,0.12135380543479794,0.1122008403589085,4.9400000000000004,0,0.11582664261332327,126.05571549999999,0.93717128312454068,0,1.0600000000000001,0.097068464920377101,0.96999999999999997,0.995,0.96999999999999997,0.995,0.96999999999999997,0.995
2021,linear_interpolation,0.29999999999999988,100,0,0,1.5930542951201452,3.0034104258221248,0.13555553365258585,0.13079944409093192,9.4499999999999993,0,0.1158560698961154,159.78621666999999,0.91885966457084967,0,1.095,0.11714369405374817,0.93000000000000005,0.97999999999999998,0.93000000000000005,0.97999999999999998,0.93000000000000005,0.98499999999999999
2021,linear_interpolation,0.5,100,0,0,2.1829335220252521,4.1380446078956963,0.18676596454444336,0.17589931835503014,30.57,5,0.30899909777395251,231.97937848999999,0.81665156322483412,0,2.6565656565656566,0.29785846537394978,0.77000000000000002,0.81999999999999995,0.77000000000000002,0.81999999999999995,0.77000000000000002,0.875
2021,timesat_double_logistic_cv_seapar,0.10000000000000001,100,0,0,2.7367439132221114,4.2840807365917808,0.19335714009199997,0.18977453568445096,7.8700000000000001,4,0.72016694424664807,161.96859314277216,0.79158730379339093,0,3.7549999999999999,0.55721562234098032,0.95999999999999996,0.93500000000000005,0.96999999999999997,1,0.96999999999999997,1
2021,timesat_double_logistic_cv_seapar,0.20000000000000001,100,0,0,2.810566768152067,4.5117475054001979,0.20363262228232945,0.19712530395666517,21.359999999999999,4,0.71496348486065275,181.55010037579916,0.77868862618300483,0,4.2450000000000001,0.56339732667845333,0.82999999999999996,0.78000000000000003,0.85999999999999999,0.995,0.85999999999999999,1
2021,timesat_double_logistic_cv_seapar,0.29999999999999988,100,0,0,2.8590757042423305,4.6456765926861765,0.20967736020511427,0.20213910878423225,26.190000000000001,4,0.70878376993331516,202.60290847679929,0.76744862089288102,0,4.3300000000000001,0.55435128551302537,0.78000000000000003,0.78000000000000003,0.81999999999999995,0.97499999999999998,0.81999999999999995,0.995
2021,timesat_double_logistic_cv_seapar,0.5,100,0,0,3.0769604288818497,5.2493903154194825,0.23692529646946997,0.22338459773719024,47.189999999999998,5,0.73258453818089597,269.87951129243908,0.70861171728664929,0,4.75,0.58739768924362712,0.56999999999999995,0.62,0.65000000000000002,0.85499999999999998,0.65000000000000002,0.92500000000000004
2021,timesat_double_logistic_default_seapar1,0.10000000000000001,100,0,0,2.8334557694692024,4.7816113705236027,0.21581262270313073,0.21123978493995366,58.469999999999999,15,0.95660235272810312,139.95425895532918,0.69962507314945199,0,9.2949999999999999,0.68912193177271908,0,0.16,0.02,0.505,0.53000000000000003,0.95499999999999996
2021,timesat_double_logistic_default_seapar1,0.20000000000000001,100,0,0,2.9424523597330046,4.9988124663624971,0.22561574857738023,0.22108183357793432,82.469999999999999,127,0.92728163203721248,162.60513007710009,0.68401019343376657,0,8.5299999999999994,0.65743950605439272,0,0.20499999999999999,0.02,0.56000000000000005,0.23000000000000001,0.86499999999999999
2021,timesat_double_logistic_default_seapar1,0.29999999999999988,100,0,0,2.9921546126267389,5.0849041156399615,0.22950139782481649,0.22442115980107652,78.189999999999998,125,0.93510473475692435,177.54041359958509,0.67271314440940211,0,7.9646464646464645,0.66073079242323041,0.02,0.22500000000000001,0.080000000000000002,0.58999999999999997,0.26000000000000001,0.84999999999999998
2021,timesat_double_logistic_default_seapar1,0.5,100,0,0,3.2121898063810823,5.5635619409621322,0.25110507755858857,0.24812915077714476,83.019999999999996,125,0.95742007762815673,252.07074325333932,0.62173577026957261,0,6.963917525773196,0.72356929729414909,0.070000000000000007,0.35999999999999999,0.14999999999999999,0.57999999999999996,0.27000000000000002,0.81000000000000005
2021,timesat_smoothing_spline,0.10000000000000001,100,0,0,1.8566145498705158,3.1963152427950701,0.14426207445170561,0.13948243054248405,2.96,3,0.41283094097284861,141.91140570345198,0.90017773960118996,0,2.02,0.3579968406509933,1,1,1,1,1,1
2021,timesat_smoothing_spline,0.20000000000000001,100,0,0,2.0319443842712555,3.5475741587256731,0.16011574845837021,0.15202894261947586,9.1600000000000001,3,0.45626696920954513,157.20276408802079,0.87960564808002417,0,2.3149999999999999,0.38707430479521227,0.94999999999999996,0.95999999999999996,0.94999999999999996,0.995,0.94999999999999996,0.995
2021,timesat_smoothing_spline,0.29999999999999988,100,0,0,2.1953658967669574,3.8387314320403458,0.17325680278170627,0.16573795201414981,11.41,3,0.44866083124808953,189.19273465612875,0.8607171370883101,0,2.5649999999999999,0.38534563505749714,0.93000000000000005,0.93999999999999995,0.93000000000000005,0.97999999999999998,0.93000000000000005,0.98999999999999999
2021,timesat_smoothing_spline,0.5,100,0,0,2.6781385251386083,4.7402035754012708,0.21394372868953679,0.20144307655674246,32.789999999999999,4,0.56357269249541453,252.30027896282883,0.77272747095646621,0,3.7400000000000002,0.51457726751319999,0.75,0.79500000000000004,0.76000000000000001,0.87,0.76000000000000001,0.94999999999999996
2022,linear_interpolation,0.10000000000000001,100,0,0,1.5803256472236058,4.6784824696115095,0.27840130757830467,0.27387152092372652,7.0800000000000001,6,2.3475478902921583,152.87050805000018,0.82870242285859352,0,7.4800000000000004,1.2889053792023295,0,0,0.91000000000000003,0.84999999999999998,0.91000000000000003,0.98999999999999999
2022,linear_interpolation,0.20000000000000001,100,0,0,1.6529823786912261,4.7428529081450854,0.28223178345879352,0.28287991015683733,8.0099999999999998,6,2.3631701985413116,152.95549620000017,0.81922084919471561,0,8.5950000000000006,1.2626051908336984,0,0,0.83999999999999997,0.68500000000000005,0.83999999999999997,0.97499999999999998
2022,linear_interpolation,0.29999999999999988,100,0,0,1.7006080139884219,4.7721717736570808,0.28397645398994753,0.28110095215786685,8.5399999999999991,6,2.374081119012617,149.80306680000021,0.81184641225448173,0,8.5800000000000001,1.2213838563530748,0,0.0050000000000000001,0.79000000000000004,0.65500000000000003,0.81000000000000005,0.93500000000000005
2022,linear_interpolation,0.5,100,0,0,2.0102775793177257,5.0636160106102714,0.30131935463795761,0.29458402230951636,11.470000000000001,6,2.4339730249931351,140.67398620000014,0.76379613342734476,0,8.4438775510204085,1.2862316605116337,0,0.050000000000000003,0.68999999999999995,0.55500000000000005,0.75,0.81000000000000005
2022,timesat_double_logistic_cv_seapar,0.10000000000000001,100,0,0,2.4293119996582648,5.2877303339053299,0.31465567064590283,0.31243182930802266,3,3,2.5483089121324922,98.437451355856084,0.73858422545225222,0,3,2.5483089121324922,0.98999999999999999,0.495,1,0.5,1,0.5
2022,timesat_double_logistic_cv_seapar,0.20000000000000001,100,0,0,2.4151567049874827,5.2438905624306473,0.3120469081290479,0.31157856530604694,3.1699999999999999,3,2.5443475619205711,121.99059119147846,0.74182436623583015,0,3.1699999999999999,2.5443475619205711,0.90000000000000002,0.45000000000000001,1,0.5,1,0.5
2022,timesat_double_logistic_cv_seapar,0.29999999999999988,100,0,0,2.3932062943461556,5.1850412631702305,0.30854497732764274,0.30925071474389526,3.3900000000000001,4,2.5306060970327664,137.10064939363033,0.74717855460117666,0,3.3900000000000001,2.5306060970327664,0.85999999999999999,0.42999999999999999,1,0.5,1,0.5
2022,timesat_double_logistic_cv_seapar,0.5,100,0,0,2.5923265185774089,5.3840961122729034,0.32039008535785135,0.31940002126950351,5.2599999999999998,3,2.5167300215621151,155.08754314057089,0.71155450534604481,0,4.1212121212121211,2.5175275093257059,0.70999999999999996,0.35499999999999998,0.93999999999999995,0.47499999999999998,0.97999999999999998,0.495
2022,timesat_double_logistic_default_seapar1,0.10000000000000001,100,0,0,2.6512140623705158,5.6403716939496338,0.33564021347153372,0.33357124607630229,1.2,1,2.6196952867537395,59.99897933942426,0.68328941018442901,0,1.2,2.6196952867537395,1,0.5,1,0.5,1,0.5
2022,timesat_double_logistic_default_seapar1,0.20000000000000001,100,0,0,2.7223560772925919,5.6801220724340462,0.33800562948381441,0.33648817303776291,1.47,1,2.6320845639087893,85.154973017415571,0.67119463228432918,0,1.47,2.6320845639087893,1,0.5,1,0.5,1,0.5
2022,timesat_double_logistic_default_seapar1,0.29999999999999988,100,0,0,2.7352242297013034,5.6790078437983107,0.33793932535397209,0.33668582617464271,1.6799999999999999,1,2.6379084886560151,99.793074337708561,0.66721633187961571,0,1.6799999999999999,2.6379084886560151,0.98999999999999999,0.495,1,0.5,1,0.5
2022,timesat_double_logistic_default_seapar1,0.5,100,0,0,3.0557510973188311,5.8855904531593772,0.35023238596553286,0.34373168230278417,7.46,4,2.6394961471567671,144.29738554346645,0.62585598825597732,0,4.2121212121212119,2.6174329965065017,0.65000000000000002,0.33500000000000002,0.90000000000000002,0.46000000000000002,0.95999999999999996,0.495
2022,timesat_smoothing_spline,0.10000000000000001,100,0,0,1.652039695097764,4.7092352516984164,0.28023130583100236,0.27805073543335168,11.130000000000001,13,2.3827377715165361,172.90893391468069,0.8201725739632667,0,7.0700000000000003,2.2548502295817241,0.17999999999999999,0.105,0.17999999999999999,0.42999999999999999,1,0.56499999999999995
2022,timesat_smoothing_spline,0.20000000000000001,100,0,0,1.6988353891856824,4.6915922850319189,0.27918143014558139,0.27578722940797351,9.6099999999999994,12,2.3665163214813423,174.9984169378219,0.81898963544205061,0,8.0800000000000001,1.9882570473552754,0.32000000000000001,0.17000000000000001,0.35999999999999999,0.41499999999999998,1,0.68000000000000005
2022,timesat_smoothing_spline,0.29999999999999988,100,0,0,1.7291234729198257,4.661822910671706,0.277409951295013,0.273157794737379,8.6600000000000001,11,2.3418446973431721,169.67511180297413,0.81714407460582061,0,8.5999999999999996,1.8920503408502125,0.35999999999999999,0.19500000000000001,0.46999999999999997,0.38,1,0.71499999999999997
2022,timesat_smoothing_spline,0.5,100,0,0,2.0780861151767116,4.9886064918376976,0.29685578162197535,0.28549205523467636,7.6399999999999997,7,2.3656636741952726,175.63521178298194,0.77302295038373414,0,8.3838383838383841,1.9221166179238558,0.41999999999999998,0.22500000000000001,0.63,0.35999999999999999,0.97999999999999998,0.68999999999999995
2023,linear_interpolation,0.10000000000000001,100,0,0,1.1761375794892381,1.8528135366312404,0.1737748534778375,0.17203417138240973,0.28000000000000003,0,0.033174360079105632,95.945653944999833,0.88030049195721449,0,4.8049999999999997,0.2969221526326507,1,0.56666666666666654,1,0.56666666666666654,1,0.87666666666666671
2023,linear_interpolation,0.20000000000000001,100,0,0,1.1905463944302161,1.869544212115378,0.17534401876261169,0.17339911529878616,0.59999999999999998,0,0.071087914455226345,94.844111854999852,0.87618230977131717,0,5.5199999999999996,0.31563467326603623,1,0.47666666666666663,1,0.47666666666666663,1,0.77333333333333343
2023,linear_interpolation,0.29999999999999988,100,0,0,1.2728637603308899,1.9779199841940678,0.18550855153462695,0.17674938097524975,0.5,0,0.059239928712688635,94.554410349999884,0.85558585609018523,0,4.9000000000000004,0.30161496791561715,1,0.47666666666666663,1,0.47666666666666663,1,0.69999999999999996
2023,linear_interpolation,0.5,100,0,0,1.386056490484352,2.1076271270959346,0.19767374749589045,0.18458369543601227,1.1000000000000001,2,0.13032784316791499,116.04310439999996,0.83307373790702843,0,5.9795918367346941,0.3677874380586571,1,0.3133333333333333,1,0.3133333333333333,1,0.50333333333333341
2023,timesat_double_logistic_cv_seapar,0.10000000000000001,100,0,0,1.4050055132875194,1.9594930172367619,0.18378029155609243,0.18141116825035469,2,2,0.039382132917120879,86.190523797806449,0.85711889722772483,0,5.4299999999999997,0.56770192589342683,1,0.17666666666666664,1,0.29333333333333328,1,0.33333333333333343
2023,timesat_double_logistic_cv_seapar,0.20000000000000001,100,0,0,1.4582756242480397,2.0306854575147755,0.19045741023719565,0.18368838379411601,3.1499999999999999,2,0.069589312844147835,101.69569797425032,0.85174510061951836,0,6.21,0.52606225674123186,0.98999999999999999,0.17999999999999997,0.98999999999999999,0.26999999999999996,0.98999999999999999,0.33333333333333343
2023,timesat_double_logistic_cv_seapar,0.29999999999999988,100,0,0,1.5289579960548634,2.147452877143023,0.20140899324094319,0.18969244052400769,2,2,0.068577226618914217,107.60368536579873,0.83355799206032355,0,6.3163265306122449,0.48409915117598556,1,0.16,1,0.27666666666666662,1,0.32666666666666672
2023,timesat_double_logistic_cv_seapar,0.5,100,0,0,1.9283050226215379,2.8078131819260843,0.26334399799857289,0.20925755665758422,15.15,2,0.17995126987982535,209.34923418560757,0.78074589638618419,0,6.4111111111111114,0.51815437390028418,0.89000000000000001,0.14666666666666667,0.89000000000000001,0.22333333333333333,0.89000000000000001,0.29999999999999999
2023,timesat_double_logistic_default_seapar1,0.10000000000000001,100,0,0,1.4077105434491639,1.9605655769509474,0.1838808866259653,0.18140509755573131,2,2,0.035247860791948755,78.829077514237355,0.85646322674268904,0,5.6428571428571432,0.56901877516376098,1,0.16999999999999996,1,0.28666666666666663,1,0.32666666666666672
2023,timesat_double_logistic_default_seapar1,0.20000000000000001,100,0,0,1.4665914262256354,2.0376469830339086,0.19111032973133382,0.18394249905265075,3.1499999999999999,2,0.061549428346784375,95.352646863744269,0.85051378596704241,0,6.2448979591836737,0.53116772197930751,0.98999999999999999,0.16999999999999996,0.98999999999999999,0.26666666666666661,0.98999999999999999,0.32666666666666672
2023,timesat_double_logistic_default_seapar1,0.29999999999999988,100,0,0,1.6827643585342014,2.3612534947308834,0.2214612922231457,0.19043476317297894,2,2,0.083248777772418861,138.03199804675754,0.78758188812520613,0,6.4431818181818183,0.47348377352480758,1,0.14000000000000001,1,0.21999999999999997,1,0.29333333333333328
2023,timesat_double_logistic_default_seapar1,0.5,100,0,0,2.0855755142540797,2.9873128510771085,0.28017922080396818,0.22001546184974297,9.0199999999999996,2,0.16036903810431663,277.00377089291811,0.70822969430725347,0,5.8059701492537314,0.48635085386662896,0.93999999999999995,0.13,0.93999999999999995,0.17333333333333331,0.93999999999999995,0.22333333333333333
2023,timesat_smoothing_spline,0.10000000000000001,100,0,0,1.4009220341365134,2.0776831389923758,0.19486530938684088,0.19508292974564009,1.1299999999999999,1,0.14647177406070558,122.21234474610961,0.85798873883833326,0,5.1849999999999996,0.32427143684436222,1,0.42666666666666664,1,0.67333333333333356,1,0.68000000000000027
2023,timesat_smoothing_spline,0.20000000000000001,100,0,0,1.4291155238351323,2.1039293224963509,0.19732693145651151,0.19525984629614701,1.27,1,0.16128496426759173,114.63405919235858,0.85372924731878685,0,5.6849999999999996,0.34333613635053389,1,0.35666666666666669,1,0.59999999999999998,1,0.62666666666666659
2023,timesat_smoothing_spline,0.29999999999999988,100,0,0,1.4877300218046532,2.1662388424553018,0.20317092357286232,0.19747655697165839,1.24,1,0.15072405699741229,108.45703188223499,0.83865629416084087,0,4.4444444444444446,0.31999739766662016,1,0.40666666666666673,1,0.57333333333333325,1,0.6166666666666667
2023,timesat_smoothing_spline,0.5,100,0,0,1.7077201561438522,2.4661182478276769,0.23129652752562374,0.21113497823418448,8.9100000000000001,2,0.17251313353037317,156.86165951851973,0.81301346640934924,0,5.65625,0.37066056656586471,0.93999999999999995,0.28000000000000003,0.93999999999999995,0.43999999999999995,0.93999999999999995,0.49666666666666665
2024,linear_interpolation,0.10000000000000001,100,0,0,2.038389672025708,3.6351270934797975,0.22277629268041821,0.21739996462872685,4.7000000000000002,4,0.52714394384517715,51.28310419999999,0.83038128259128097,0,3.8100000000000001,0.41764806406662819,0.93000000000000005,0.85499999999999998,0.93000000000000005,0.93000000000000005,1,0.94999999999999996
2024,linear_interpolation,0.20000000000000001,100,0,0,2.1663133255152265,3.8349904531141656,0.23502478280387509,0.22509421250346934,5.9000000000000004,4,0.55321564190346006,79.715027690000028,0.81193394707275768,0,4.415,0.510610972497895,0.80000000000000004,0.69499999999999995,0.80000000000000004,0.82499999999999996,1,0.86499999999999999
2024,linear_interpolation,0.29999999999999988,100,0,0,2.2230948286372301,3.9369657229537851,0.24127426789084866,0.2282490354715366,7.25,4,0.59791164486349269,89.502535710000032,0.79670185858560871,0,4.9850000000000003,0.58156085035058447,0.63,0.60499999999999998,0.66000000000000003,0.78500000000000003,1,0.86499999999999999
2024,linear_interpolation,0.5,100,0,0,2.5115868913865045,4.3109140332534439,0.26419143586885119,0.25674704398741088,8.0800000000000001,5.5,0.69101447765458757,159.99401850000001,0.76354437468667324,0,6.5404040404040407,0.72700027204202566,0.5,0.38,0.56999999999999995,0.495,0.98999999999999999,0.66500000000000004
2024,timesat_double_logistic_cv_seapar,0.10000000000000001,100,0,0,2.5047452414159155,3.6847368441623387,0.22581659252514158,0.22288194942924372,1.6499999999999999,1,1.1237064128495402,63.002533288627419,0.79058919309160758,0,1.6499999999999999,1.1237064128495402,0.97999999999999998,0.48999999999999999,0.98999999999999999,0.495,1,0.5
2024,timesat_double_logistic_cv_seapar,0.20000000000000001,100,0,0,2.5478316501272182,3.7763245265666008,0.23142948137786154,0.22832543990356141,2.77,2,1.1148122384499748,84.865767348228474,0.78612331776041544,0,2.4285714285714284,1.110524937365537,0.90000000000000002,0.45000000000000001,0.94999999999999996,0.47499999999999998,0.97999999999999998,0.48999999999999999
2024,timesat_double_logistic_cv_seapar,0.29999999999999988,100,0,0,2.5323962774673849,3.8179171704346775,0.23397845828167513,0.22844639726327581,4.21,3,1.1514376121479868,88.136715552066633,0.78339964758074132,0,3.6354166666666665,1.1457043410051373,0.76000000000000001,0.38,0.90000000000000002,0.45000000000000001,0.95999999999999996,0.47999999999999998
2024,timesat_double_logistic_cv_seapar,0.5,100,0,0,2.7767631450456531,4.2115030661787989,0.2580991023335566,0.24794119390277364,6.25,4,1.0786733317201362,157.2808533052461,0.75756945879942894,0,4.5505617977528088,1.0576576889983076,0.62,0.31,0.79000000000000004,0.39500000000000002,0.89000000000000001,0.44500000000000001
2024,timesat_double_logistic_default_seapar1,0.10000000000000001,100,0,0,2.6862109006575712,3.7183567165435729,0.22787696354845852,0.22511716414782451,2.1899999999999999,2,1.1645082443294661,59.641975746302307,0.79151626480977444,0,2.1899999999999999,1.1645082443294661,0.94999999999999996,0.47499999999999998,0.98999999999999999,0.495,1,0.5
2024,timesat_double_logistic_default_seapar1,0.20000000000000001,100,0,0,2.7150534215287303,3.7905093629298294,0.23229878943120214,0.22889976205269313,3.0800000000000001,2,1.1589180454352597,78.258832362051905,0.78877184667301337,0,2.7346938775510203,1.1554962334346706,0.82999999999999996,0.41499999999999998,0.95999999999999996,0.47999999999999998,0.97999999999999998,0.48999999999999999
2024,timesat_double_logistic_default_seapar1,0.29999999999999988,100,0,0,2.710958217954305,3.842423546399492,0.23548031487267751,0.23169455041148002,3.9100000000000001,2,1.1969727966963508,96.667046707171082,0.78323089342167163,0,3.4432989690721651,1.1937172678651575,0.73999999999999999,0.37,0.93000000000000005,0.46500000000000002,0.96999999999999997,0.48499999999999999
2024,timesat_double_logistic_default_seapar1,0.5,100,0,0,2.8969093201818223,4.1481500568307608,0.2542165562245034,0.2463356746280766,6.0599999999999996,4.5,1.1834668646378625,165.62859904811606,0.76580673592395399,0,4.8804347826086953,1.1692000725077445,0.59999999999999998,0.29999999999999999,0.82999999999999996,0.41499999999999998,0.92000000000000004,0.46000000000000002
2024,timesat_smoothing_spline,0.10000000000000001,100,0,0,2.282311538713206,4.0475443837400675,0.24805100594320426,0.23583611689941414,5.9000000000000004,3,0.67013041674391016,94.824355062676787,0.79189401561390638,0,2.9849999999999999,0.45056976126705595,0.70999999999999996,0.86499999999999999,0.76000000000000001,0.96999999999999997,0.93999999999999995,0.98999999999999999
2024,timesat_smoothing_spline,0.20000000000000001,100,0,0,2.4925717701596999,4.4086482410231005,0.27018101035003916,0.25456290538800752,7.4800000000000004,4,0.62182720518758827,102.98068645070769,0.76226851976160248,0,3.7200000000000002,0.47287247265468485,0.56000000000000005,0.75,0.62,0.91000000000000003,0.87,0.95999999999999996
2024,timesat_smoothing_spline,0.29999999999999988,100,0,0,2.6240298066798782,4.6531290738475688,0.28516385198596084,0.2577873438997943,8.1799999999999997,6,0.67293670904699843,126.13654409093772,0.72363085980807085,0,4.6500000000000004,0.5028920467450767,0.46000000000000002,0.64000000000000001,0.59999999999999998,0.91000000000000003,0.87,0.98999999999999999
2024,timesat_smoothing_spline,0.5,100,0,0,3.3148312763524719,5.6840714605692551,0.34834445529771574,0.31935931740851453,9.2699999999999996,9,0.59997372412890493,229.21717482248087,0.6589805083753224,0,5.895833333333333,0.5762797648504604,0.38,0.40000000000000002,0.60999999999999999,0.68000000000000005,0.76000000000000001,0.78500000000000003
2025,linear_interpolation,0.10000000000000001,100,0,0,3.8340086598941623,7.8683783052688172,0.26246059336887956,0.26268643205334047,198.87,200,1.4341872176695396,192.72705784000013,0.76097486664608571,0,2.52,0.40463039383040433,0,0.90249999999999997,0,0.98499999999999999,0,0.98999999999999999
2025,linear_interpolation,0.20000000000000001,100,0,0,3.8285209544528396,7.8297873678060164,0.26117333950891131,0.26012138897840287,191.55000000000001,200,1.4429294904563239,181.5445017700001,0.75645411388328043,0,3.125,0.42551234811382188,0,0.78500000000000003,0,0.93999999999999995,0,0.95750000000000002
2025,linear_interpolation,0.29999999999999988,100,0,0,3.869470948475636,7.8284140714150965,0.26112753131672117,0.25762518572794485,184.84999999999999,200,1.4617738754522915,173.24748015,0.74858609396784614,0,3.5550000000000002,0.47208831767946335,0,0.68999999999999995,0,0.86499999999999999,0,0.90749999999999997
2025,linear_interpolation,0.5,100,0,0,4.0417737434038363,7.9396605660389268,0.26483831133471125,0.26060301299969452,170.27000000000001,200,1.5030529924422786,199.73859219000005,0.72439415622503955,0,4.2450000000000001,0.53905361453871048,0,0.47999999999999998,0,0.66749999999999998,0,0.71750000000000003
2025,timesat_double_logistic_cv_seapar,0.10000000000000001,100,0,0,4.6482553579826797,8.3590222017118165,0.27882669616632877,0.27800384200116401,202.58000000000001,207,1.663753767608283,114.63236495739623,0.67065443373133149,0,13.222222222222221,0.343804269363644,0,0,0,0.0025000000000000001,0,0.22500000000000001
2025,timesat_double_logistic_cv_seapar,0.20000000000000001,100,0,0,4.7075074149111753,8.4088094145813503,0.2804874172101009,0.27878851589311393,192.24000000000001,207,1.6709390916279108,123.61243651802826,0.66556384505728483,0,12.372093023255815,0.33719221235498936,0,0,0,0.014999999999999999,0,0.215
2025,timesat_double_logistic_cv_seapar,0.29999999999999988,100,0,0,4.7883148353830016,8.4947381760750318,0.28335368937624505,0.28058996765532002,181.93000000000001,207,1.6716313709487083,170.86756275472334,0.65913466598062564,0,11.975609756097562,0.35333075743354914,0,0,0,0.037499999999999999,0,0.20499999999999999
2025,timesat_double_logistic_cv_seapar,0.5,100,0,0,4.9311135372666337,8.7443231288654211,0.2916789391626522,0.28758026393035263,168.40000000000001,207,1.6986332438893266,235.55959447345066,0.63896125786450997,0,10.626760563380282,0.35221217883694372,0,0.012500000000000001,0,0.077499999999999999,0,0.17999999999999999
2025,timesat_double_logistic_default_seapar1,0.10000000000000001,100,0,0,4.6642483106089534,8.319958993698604,0.27752368907182062,0.27731510565769324,204.06,207,1.6749133808293317,98.857528523405691,0.66884715066031641,0,12.355555555555556,0.40136699019753663,0,0,0,0.017500000000000002,0,0.22500000000000001
2025,timesat_double_logistic_default_seapar1,0.20000000000000001,100,0,0,4.7020234586183358,8.3680064465415214,0.27912637802420248,0.27785527722500281,196.62,207,1.6743718671309571,122.07928392240515,0.66353723024252576,0,11.662921348314606,0.40619998736168073,0,0,0,0.042500000000000003,0,0.2225
2025,timesat_double_logistic_default_seapar1,0.29999999999999988,100,0,0,4.8418119644999038,8.4926245479460665,0.2832831863994732,0.2784992096612382,190.78,207,1.6986080113088935,164.36151958846688,0.6508958768391494,0,10.951219512195122,0.40877205407220935,0,0.0025000000000000001,0,0.087499999999999994,0,0.20499999999999999
2025,timesat_double_logistic_default_seapar1,0.5,100,0,0,5.0228808652427208,8.7577987525734144,0.29212843714777664,0.28493923546481714,184.56999999999999,207,1.739128884028126,229.91090584694442,0.62643615556141152,0,9.72463768115942,0.40137368909692023,0,0.022499999999999999,0,0.092499999999999999,0,0.17249999999999999
2025,timesat_smoothing_spline,0.10000000000000001,100,0,0,3.944308334400064,7.9557791580247104,0.26537596916618933,0.26515713436751143,186.75,202,1.4920714093128091,216.89447924050353,0.7558897403743905,0,3.3250000000000002,0.40485294578133607,0,0.87749999999999995,0,0.90000000000000002,0,0.92000000000000004
2025,timesat_smoothing_spline,0.20000000000000001,100,0,0,3.9466298358842886,7.9231145035838697,0.26428639463709075,0.2628960348790933,173.13999999999999,202,1.5032535817077619,198.05284493242479,0.75135936974102024,0,3.6099999999999999,0.43098481247375048,0,0.75749999999999995,0,0.79000000000000004,0,0.83999999999999997
2025,timesat_smoothing_spline,0.29999999999999988,100,0,0,4.0941743245105027,8.056438844319576,0.26873361161400916,0.263124816465936,164.75,202,1.5108973593188366,186.84701968125788,0.73871116865383879,0,3.9199999999999999,0.57636718635492701,0,0.65000000000000002,0,0.70750000000000002,0,0.77249999999999996
2025,timesat_smoothing_spline,0.5,100,0,0,4.4629338223837118,8.3937434269942255,0.27998487044780851,0.27360889130311028,138.90000000000001,201,1.5353407325848616,231.50461454225007,0.70319023945525072,0,5.0700000000000003,0.80100582542451848,0,0.42999999999999999,0,0.58750000000000002,0,0.6825
